OW_k8_randomInit_20h20m4s.txt;OW_k8_randomInit_20h19m38s.txt;OW_k8_randomInit_20h19m54s.txt;OW_k8_randomInit_20h20m43s.txt;OW_k8_randomInit_20h20m40s.txt;OW_k8_randomInit_20h20m2s.txt;OW_k8_randomInit_20h19m51s.txt;OW_k8_randomInit_20h20m35s.txt;OW_k8_randomInit_20h19m36s.txt;OW_k8_randomInit_20h19m59s.txt;OW_k8_randomInit_20h20m38s.txt;OW_k8_randomInit_20h20m17s.txt;OW_k8_randomInit_20h20m25s.txt;OW_k8_randomInit_20h19m46s.txt;OW_k8_randomInit_20h20m12s.txt;OW_k8_randomInit_20h19m49s.txt;OW_k8_randomInit_20h20m9s.txt;OW_k8_randomInit_20h20m27s.txt;OW_k8_randomInit_20h19m44s.txt;OW_k8_randomInit_20h20m45s.txt;OW_k8_randomInit_20h20m20s.txt;OW_k8_randomInit_20h19m41s.txt;OW_k8_randomInit_20h20m22s.txt;OW_k8_randomInit_20h20m32s.txt;OW_k8_randomInit_20h20m7s.txt;OW_k8_randomInit_20h19m57s.txt;OW_k8_randomInit_20h20m50s.txt;OW_k8_randomInit_20h20m30s.txt;OW_k8_randomInit_20h20m14s.txt;OW_k8_randomInit_20h20m48s.txt
81.1268352941;82.6880705882;83.4944941176;82.5070470588;82.9622117647;82.3676470588;82.4340117647;82.8546;82.1263294118;83.3191647059;82.6563647059;82.6588705882;83.3016352941;82.4796352941;83.6435529412;82.3680117647;82.6250588235;82.8956705882;82.9232470588;82.8436588235;83.4219176471;83.2936705882;83.5411058824;83.1138117647;82.8132;83.4806117647;83.3568588235;82.5928705882;83.1657882353;83.4869529412
82.4409764706;82.6242823529;83.8894705882;83.7888;83.5121294118;83.3360470588;83.0765058824;82.7600235294;82.2473647059;82.1399647059;83.8611058824;83.4414588235;83.2081294118;83.9774705882;82.5911411765;83.5575882353;83.0073176471;83.3497764706;81.8596823529;82.7230352941;82.5631411765;83.1262823529;83.1870941176;82.4724588235;82.1521647059;82.5550117647;82.7155176471;82.3616823529;83.4864117647;82.6501647059
83.4530941176;82.4843882353;82.1023764706;82.7062352941;83.1274470588;83.2671529412;82.8631294118;82.5956235294;82.9983176471;82.3844705882;83.1811176471;82.6773176471;83.2977529412;82.7295882353;82.0945764706;82.2534588235;83.765;82.6508823529;82.8007411765;84.6494470588;83.1126941176;81.9404823529;83.4808;83.7213176471;82.0666470588;83.1498588235;82.5184235294;82.4787411765;83.7852352941;82.4886823529
82.7402705882;83.4583529412;82.8237411765;81.9947294118;81.9345529412;82.9798470588;82.5537647059;83.4568352941;83.0368117647;83.4913647059;83.2283882353;83.5633529412;82.8917882353;82.3807411765;83.1796235294;82.7700470588;82.7118235294;82.8268941176;82.6666470588;81.9831647059;83.2133176471;83.7775882353;82.3939529412;82.2786705882;83.2917176471;82.5367058824;82.4357764706;82.3270235294;82.7062117647;82.2383058824
83.2316941176;83.4025764706;83.0707882353;82.8640352941;83.2174470588;82.9609176471;83.0196705882;82.2427411765;82.8007882353;82.3993882353;83.1857294118;83.3903764706;82.7033529412;83.6464823529;83.7167647059;83.3460941176;82.7412705882;81.9128;82.5766823529;82.7163529412;82.4410117647;83.3641529412;81.6937411765;82.5648470588;82.8670352941;82.5886352941;83.1254588235;83.3688823529;82.2479882353;83.0346235294
84.3249294118;83.1806352941;82.6262235294;82.8178470588;81.9530352941;83.4403411765;83.4213294118;83.4867764706;83.5763764706;82.9647882353;82.8550352941;82.1026588235;83.0333882353;82.9669058824;82.7394470588;83.1382352941;82.4351176471;83.5449058824;83.6068588235;82.1413294118;82.6673647059;82.5649058824;82.7236941176;83.3195176471;83.7787058824;82.8422;84.0596117647;84.3517411765;83.2087294118;82.9142705882
82.3723647059;82.9103764706;83.1203647059;82.7774941176;83.6142235294;81.7292235294;83.5761529412;82.6597058824;83.0933411765;82.6668588235;81.8652;83.3648470588;82.1232117647;82.4826705882;82.9822;82.7482235294;82.9459058824;82.7679176471;83.2091529412;83.7625411765;83.0967411765;82.9314941176;83.6536235294;82.6088117647;82.8054;83.2340705882;82.9102;82.0274;82.3749294118;83.1454941176
83.6562588235;82.5564941176;82.2118352941;83.9122823529;83.0123176471;83.2091764706;82.4577647059;83.1989176471;83.4074470588;83.8226823529;82.4764941176;82.0615882353;82.6391176471;82.6758705882;82.4562235294;83.0366705882;83.0456823529;83.37;83.7215764706;82.5804;82.6824941176;82.3703176471;82.7335176471;83.2995764706;83.5442823529;82.8904352941;82.2453294118;84.0501294118;82.3848470588;83.3324235294
73.1449294118;76.9936352941;74.9844588235;76.5296352941;76.0303058824;74.0631882353;75.2464823529;73.6982941176;74.1014823529;74.0688352941;74.9648352941;73.9730705882;73.6893058824;74.7744823529;74.8317529412;75.7350470588;75.1531058824;75.7456941176;75.0955294118;74.7626352941;73.2219294118;76.1797058824;75.6046352941;76.2186352941;76.1689294118;74.0242823529;75.4938705882;76.9815764706;75.3876;74.5352823529
77.8809411765;76.2886117647;77.9882352941;75.6528941176;77.3261176471;78.1764705882;77.5538823529;77.5844705882;77.7947647059;78.0621176471;77.6155294118;77.5387647059;78.0621176471;77.5387647059;77.6312352941;77.5999411765;77.5691176471;78.1764705882;77.6155294118;78.0621176471;78.1764705882;76.2046117647;77.5691176471;76.52;77.7947647059;78.1764705882;77.2867647059;75.0405529412;77.6952352941;77.5088823529
72.7647058824;71.6015529412;71.5048470588;71.6259764706;71.4411764706;72.7647058824;71.6432;72.7647058824;72.7647058824;72.7647058824;72.0976470588;72.7647058824;72.7647058824;72.4311529412;71.9220235294;71.8953882353;71.8443764706;71.4883764706;72.5302117647;72.7647058824;72.7647058824;71.5646117647;71.7094117647;72.0360941176;71.5479058824;72.7647058824;71.7406117647;71.5415529412;72.0360941176;72.7647058824
71.6872823529;69.5096588235;71.1058588235;70.6312588235;69.8978588235;71.0126470588;70.646;71.8108823529;72.0034588235;69.6325058824;71.0192117647;71.4439647059;71.0504588235;71.6631176471;70.6550352941;70.5102;70.4297529412;69.3588705882;70.0314352941;70.3002;70.9830352941;69.1133294118;70.5646705882;70.6180823529;69.2453529412;69.9933058824;71.2896235294;70.0815764706;70.1256235294;71.9813882353
69.0927764706;69.1787764706;71.5048470588;69.3249882353;68.4198352941;73.3759411765;69.1156352941;69.1256352941;68.5390588235;69.8149411765;69.6375176471;69.5997294118;69.4010823529;70.2734705882;69.4803647059;69.8205882353;69.2111529412;68.9616;68.5598823529;71.9706470588;68.9243647059;69.0324705882;69.4342470588;69.2915294118;68.7755176471;69.1342823529;69.5038705882;68.7101529412;68.4936235294;68.7477882353
69.3257176471;69.1787764706;70.2782235294;69.4188352941;68.4076;70.9738235294;69.1027058824;69.2785647059;68.6011058824;69.2304705882;69.8749411765;68.8007294118;68.94;68.7871764706;69.1968823529;71.2472235294;69.3522941176;68.742;68.4506117647;70.2818823529;69.3490588235;69.2251411765;69.4527411765;68.5620235294;68.6590588235;69.2004588235;69.5841647059;68.5831294118;68.9798352941;68.6257411765
69.1661529412;69.1928588235;71.6624;69.3649647059;68.4076;71.0212588235;69.1505529412;68.6804352941;68.3308941176;69.3593647059;69.6173294118;69.0243882353;69.2864823529;68.7222352941;69.1871764706;69.3810470588;69.3291764706;68.742;68.5432235294;70.0586470588;68.8018588235;68.9109176471;69.6454470588;68.7264588235;68.6477882353;69.2040235294;69.8042941176;68.4935294118;68.4504235294;68.3114823529
69.2152823529;68.9052705882;69.8223411765;69.3866588235;68.4076;71.0393294118;68.9462352941;68.9292823529;68.7515647059;69.0525882353;70.1317411765;68.7249882353;68.7434117647;68.7222352941;68.4045882353;69.3890705882;69.2842823529;68.742;68.4506117647;70.1186823529;69.3420470588;68.9296588235;69.4692941176;68.5784;68.6477882353;69.2113647059;69.2908823529;68.4935294118;68.8400352941;68.3340705882
69.1935764706;68.9145882353;69.5210588235;69.3721647059;68.4076;70.3581882353;68.9240235294;68.5215529412;68.3308941176;69.7258588235;69.5342941176;68.7844588235;69.3229294118;68.7222352941;68.4322588235;69.2399294118;69.3294235294;68.742;68.5314705882;70.0489411765;68.8018588235;68.9109176471;69.5366352941;68.5882823529;68.6477882353;69.1869058824;69.6345058824;68.4935294118;68.4504235294;68.3422235294
69.0983882353;68.9560941176;69.0933294118;69.3567411765;68.4076;69.8150941176;68.9355882353;68.5691058824;68.3545764706;69.0548941176;69.7403882353;68.7046941176;68.3126117647;68.7222352941;68.3692588235;69.3187647059;69.2282;68.742;68.4506117647;70.1415529412;68.9709529412;68.9206235294;69.4397529412;68.5693647059;68.6477882353;69.0419647059;69.2887058824;68.4935294118;68.4668;68.3078117647
69.1796;68.9052705882;69.1394941176;69.3223294118;68.4076;69.8032352941;68.9876;68.5512941176;68.4969176471;69.1097764706;69.3816;68.7752823529;68.3146941176;68.7222352941;68.3840823529;69.2187529412;69.3232117647;68.742;68.4968823529;70.0726235294;68.8648588235;69.0075882353;69.4954117647;68.5995058824;68.6477882353;69.0130588235;69.3497529412;68.4935294118;68.4504235294;68.3572235294
69.1651647059;68.9145882353;69.2133882353;69.3313294118;68.4077882353;69.8385647059;68.9395529412;68.4949882353;68.3308941176;69.0746588235;69.4812705882;68.6691529412;68.3155294118;68.7222352941;68.3588470588;69.3232235294;69.2644470588;68.742;68.4506117647;70.2416117647;68.8201529412;68.9109176471;69.4283882353;68.6144705882;68.6477882353;69.0130588235;69.3386823529;68.4935294118;68.4504235294;68.3739882353
69.1736352941;68.9560941176;69.0745411765;69.2990352941;68.4076;69.0482588235;69.0792823529;68.4733764706;68.3308941176;69.1951294118;69.4282;68.7518823529;68.3277647059;68.7222352941;68.3551764706;69.2197411765;69.3275882353;68.742;68.4506117647;70.0489411765;68.8865647059;68.9109176471;69.3082941176;68.5642470588;68.6477882353;69.0130588235;69.3640941176;68.4935294118;68.4906235294;68.3154352941
69.1680235294;68.8934117647;69.2172823529;69.4273294118;68.4209647059;69.0482588235;68.9201764706;68.4733764706;68.3308941176;69.0892588235;69.4216588235;68.6910705882;68.3436705882;68.7222352941;68.3551764706;69.2359176471;69.2954;68.742;68.4506117647;68.7772352941;68.8716;68.9109176471;69.2947058824;68.6904941176;68.6477882353;69.0130588235;69.3404823529;68.4935294118;68.4820470588;68.4170823529
69.1187882353;68.9097882353;69.0533647059;69.2921176471;68.4076;69.0482588235;68.8289294118;68.4777882353;68.3308941176;69.1878352941;69.4037294118;68.6637764706;68.3328117647;68.7222352941;68.4178588235;69.2393647059;69.2546;68.742;68.4506117647;68.7428235294;68.8496705882;68.9109176471;69.3312705882;68.5731411765;68.6477882353;69.0130588235;69.2285764706;68.4935294118;68.5271882353;68.3572235294
69.1108470588;68.8934117647;69.1206705882;69.1559176471;68.4076;69.0482588235;68.6698235294;68.4696;68.3308941176;69.0666705882;69.4421294118;68.7578;68.3512;68.7222352941;68.3715529412;69.2053294118;69.2473647059;68.742;68.4506117647;68.7428235294;68.8536235294;68.9109176471;69.3017294118;68.6121058824;68.6477882353;69.0702352941;69.2192235294;68.4935294118;68.4672588235;68.3604352941
69.0927764706;68.8934117647;69.0414235294;69.1557058824;68.4448117647;69.118;68.6892;68.4696;68.3308941176;69.0525882353;69.4123764706;68.7179882353;68.3528117647;68.7222352941;68.3607882353;69.3041176471;69.2201529412;68.742;68.4590235294;68.7428235294;68.8191764706;68.9109176471;69.2948117647;68.6009882353;68.6477882353;69.0249176471;69.2900941176;68.4998352941;68.4843058824;68.3367176471
69.1139529412;68.8934117647;69.0770941176;69.0744235294;68.4076;69.0482588235;68.6680235294;68.4810823529;68.3308941176;69.0525882353;69.3907294118;68.4821294118;68.3144117647;68.7222352941;68.3692588235;69.1950705882;69.2145411765;68.742;68.4626588235;68.7428235294;68.8900941176;68.9109176471;69.3360352941;68.6084;68.6477882353;69.0479647059;69.2243411765;68.4935294118;68.6112588235;68.3289882353
69.1894470588;68.7251764706;69.0806352941;69.0655294118;68.4635058824;69.1075176471;68.6779882353;68.4885176471;68.3308941176;69.0525882353;69.3860235294;68.4821294118;68.3126117647;68.7222352941;68.3551764706;69.2053294118;69.2111529412;68.742;68.4514941176;68.7428235294;68.8242117647;68.7096470588;69.3441176471;68.5634352941;68.6477882353;69.0457058824;69.2321882353;68.4935294118;68.4504235294;68.3175176471
69.1249294118;68.7251764706;69.0928352941;69.0782352941;68.4076;69.0482588235;68.6779882353;68.4846588235;68.3308941176;69.0525882353;69.3816;68.4786941176;68.3126117647;68.7222352941;68.3551764706;69.1903647059;69.2111529412;68.742;68.4543764706;68.7428235294;68.8440588235;68.7096470588;69.3184588235;68.6391058824;68.6477882353;68.8740352941;69.1910705882;68.4935294118;68.6266117647;68.3078117647
69.1120117647;68.7251764706;69.0508352941;69.0625647059;68.4448705882;69.0482588235;68.6747882353;68.4733764706;68.3308941176;69.0525882353;69.3816;68.4770823529;68.3126117647;68.7222352941;68.3551764706;69.1903647059;69.2111529412;68.742;68.4536588235;68.7428235294;68.8121529412;68.7096470588;69.2907176471;68.5642470588;68.6477882353;68.8779529412;69.2226941176;68.4935294118;68.4977176471;68.3078117647
69.1059058824;68.7251764706;69.0489529412;69.0535294118;68.4076;69.0482588235;68.6779882353;68.4696;68.3496352941;69.0525882353;69.3816;68.4941294118;68.3139294118;68.7222352941;68.3732941176;69.1881176471;69.2111529412;68.742;68.4506117647;68.7509176471;68.8018588235;68.7096470588;69.2807294118;68.5783294118;68.6477882353;68.8752705882;69.2030117647;68.4935294118;68.5646705882;68.3078117647
69.1642470588;68.7251764706;69.0392470588;69.0535294118;68.4239764706;69.0482588235;68.6692352941;68.4777882353;68.4195176471;69.0669411765;69.4906941176;68.4803764706;68.3174117647;68.7222352941;68.3600588235;69.1881176471;69.2111529412;68.742;68.5065176471;68.7599529412;68.8322941176;68.7096470588;69.2807294118;68.5620235294;68.6477882353;68.8876941176;69.2289529412;68.4935294118;68.4536705882;68.3078117647
69.1114941176;68.7251764706;69.0392470588;69.0535294118;68.4077882353;69.0482588235;68.6796941176;68.4777882353;68.3308941176;69.0706588235;69.4065411765;68.5086705882;68.3233529412;68.7222352941;68.3589411765;69.1975294118;69.1143058824;68.742;68.4506117647;68.7522470588;68.8440588235;68.7096470588;69.2807294118;68.5620235294;68.6477882353;68.8707529412;69.2004823529;68.4935294118;68.4986;68.3078117647
69.0627882353;68.7251764706;69.0392470588;69.0535294118;68.4216352941;69.0482588235;68.6705176471;68.4747764706;68.3427529412;69.0746588235;69.4776;68.4786941176;68.3207647059;68.7595058824;68.3551764706;69.2000588235;69.1143058824;68.742;68.5917529412;68.7778352941;68.8078235294;68.7096470588;69.2999294118;68.5620235294;68.6477882353;68.8707529412;69.1888941176;68.4935294118;68.4610117647;68.3078117647
69.0816117647;68.7251764706;69.0392470588;69.0535294118;68.4448705882;69.0493411765;68.6732941176;68.5017882353;68.3308941176;69.0603529412;69.4216588235;68.5060705882;68.3164352941;68.7222352941;68.3551764706;69.2292352941;69.1340705882;68.742;68.4506117647;68.7759529412;68.8295294118;68.8367058824;69.2897647059;68.5693647059;68.6477882353;68.8707529412;69.1888941176;68.4935294118;68.4773882353;68.3078117647
69.0693176471;68.7251764706;69.0392470588;69.0535294118;68.4080117647;69.0699411765;68.6718705882;68.4696;68.3308941176;69.0548941176;69.4248941176;68.4786941176;68.3155294118;68.7222352941;68.3551764706;69.2464705882;69.1176941176;68.742;68.4624705882;68.7778352941;68.8018588235;68.7096470588;69.3269294118;68.5642470588;68.6477882353;68.8707529412;69.1888941176;68.4935294118;68.5470941176;68.3078117647
69.0816117647;68.7251764706;69.0392470588;69.0791176471;68.4503882353;69.0523529412;68.6747882353;68.4846588235;68.3308941176;69.0525882353;69.3957176471;68.4986941176;68.3164352941;68.7222352941;68.3569176471;69.2371764706;69.1159647059;68.742;68.4768705882;68.8406117647;68.8078235294;68.7096470588;69.3054352941;68.5620235294;68.6477882353;68.8825058824;69.1888941176;68.4935294118;68.4759411765;68.3078117647
69.1081882353;68.7251764706;69.0392470588;69.0535294118;68.4076;69.0632588235;68.6680235294;68.4720470588;68.3371882353;69.0525882353;69.3837764706;68.4821294118;68.3126117647;68.7298588235;68.3752117647;69.1603411765;69.2226941176;68.742;68.4646941176;68.7473529412;68.8351294118;68.7359058824;69.2999294118;68.5778352941;68.6477882353;68.8707529412;69.1888941176;68.4935294118;68.4736588235;68.3078117647
69.0986941176;68.7251764706;69.0392470588;69.0872117647;68.4703176471;69.0514941176;68.6680235294;68.4784470588;68.3386588235;69.0525882353;69.3837764706;68.4770823529;68.3126117647;68.7222352941;68.3600588235;69.2248235294;69.1176941176;68.742;68.4795176471;68.7721529412;68.8603529412;68.8022588235;69.3337058824;68.5671058824;68.6477882353;68.8765764706;69.1888941176;68.4935294118;68.4595294118;68.3078117647
69.0607529412;68.7251764706;69.0586352941;69.0997294118;68.4076;69.0482588235;68.6680235294;68.4714;68.3320117647;69.0537058824;69.3816;68.4770823529;68.3126117647;68.7222352941;68.3648823529;69.1676470588;69.1639647059;68.742;68.4506117647;68.7444235294;68.8078235294;68.7096470588;69.2947058824;68.5747294118;68.6477882353;68.9119764706;69.1888941176;68.4935294118;68.4325294118;68.3078117647
69.0898352941;68.7251764706;69.0483764706;69.1325882353;68.4737176471;69.0482588235;68.6680235294;68.4866352941;68.3888705882;69.0603529412;69.3816;68.4770823529;68.3126117647;68.7222352941;68.3618588235;69.1965882353;69.1143058824;68.742;68.4506117647;68.7428235294;68.8167647059;68.7385529412;69.3026470588;68.5682;68.6477882353;68.8740352941;69.1888941176;68.4935294118;68.4363411765;68.3078117647
69.0816117647;68.7251764706;69.0533647059;69.0810941176;68.4076;69.0482588235;68.6680235294;68.4778117647;68.3308941176;69.0835058824;69.3816;68.4770823529;68.3126117647;68.7222352941;68.3560117647;69.1702235294;69.1439529412;68.7631764706;68.4506117647;68.764;68.8144235294;68.8146470588;69.1739882353;68.5634352941;68.6477882353;68.8982470588;69.1888941176;68.5147058824;68.4596352941;68.3128
69.0956705882;68.7251764706;69.0436705882;69.11;68.4217176471;69.0628470588;68.6680235294;68.4670470588;68.3371882353;69.0548941176;69.3816;68.4770823529;68.3126117647;68.7222352941;68.3551764706;69.1755882353;69.1439529412;68.742;68.4506117647;68.7428235294;68.8216588235;68.7096470588;69.1570470588;68.5620235294;68.6477882353;68.8841647059;69.1888941176;68.4935294118;68.3965882353;68.3604235294
69.0764823529;68.7251764706;69.0392470588;69.0700823529;68.4094;69.0985529412;68.6680235294;68.4958470588;68.3308941176;69.0789411765;69.3816;68.4770823529;68.3126117647;68.7222352941;68.3551764706;69.1755882353;69.1521058824;68.742;68.4506117647;68.7690823529;68.8673647059;68.7758235294;69.1519647059;68.5761058824;68.6477882353;68.9474117647;69.1888941176;68.4935294118;68.4005882353;68.3089529412
69.0816117647;68.7251764706;69.0392470588;69.0964470588;68.4076;69.0493411765;68.6698235294;68.4826117647;68.3357882353;69.0537058824;69.3816;68.4770823529;68.3126117647;68.7222352941;68.3551764706;69.1627058824;69.1233058824;68.742;68.4506117647;68.8564352941;68.8121529412;68.7096470588;69.1495294118;68.5964352941;68.6477882353;68.8707529412;69.1888941176;68.4935294118;68.3928705882;68.3862117647
69.0670705882;68.7251764706;69.0459882353;69.0579058824;68.4076;69.1689647059;68.6680235294;68.4801764706;68.3308941176;69.0706588235;69.3816;68.4770823529;68.3126117647;68.7222352941;68.4398823529;69.1603411765;69.1388705882;68.742;68.4506117647;68.7428235294;68.8167647059;68.7498470588;69.1570470588;68.5717294118;68.6477882353;68.9358;69.1888941176;68.4935294118;68.4005882353;68.3078117647
69.0607529412;68.7251764706;69.0392470588;69.0602;68.4075411765;69.0482588235;68.6680235294;68.4614352941;68.3308941176;69.0588823529;69.3816;68.4770823529;68.3126117647;68.7222352941;68.3551764706;69.1580470588;69.1143058824;68.742;68.4506117647;68.7504470588;68.8018588235;68.7096470588;69.1596941176;68.5936470588;68.6477882353;68.8728705882;69.1888941176;68.4935294118;68.3928705882;68.3281529412
69.0568941176;68.7251764706;69.0586352941;69.1030823529;68.4075411765;69.0514941176;68.6680235294;68.4711411765;68.3308941176;68.8587882353;69.3816;68.4770823529;68.3126117647;68.7222352941;68.3924470588;69.1627058824;69.1521058824;68.742;68.4506117647;68.7428235294;68.8018588235;68.7096470588;69.1782941176;68.5676352941;68.6477882353;68.8999764706;69.1888941176;68.4935294118;68.3894352941;68.3157176471
69.0842823529;68.7251764706;69.0392470588;69.0556823529;68.4091058824;69.0595058824;68.6680235294;68.4711411765;68.3308941176;68.8877764706;69.3816;68.4770823529;68.3126117647;68.7186588235;68.3607882353;69.1603411765;69.1340705882;68.742;68.4506117647;68.7428235294;68.8018588235;68.7096470588;69.1624117647;68.5717294118;68.6477882353;68.8765764706;69.1888941176;68.4935294118;68.3862823529;68.3089529412
69.1008117647;68.7251764706;69.0641882353;69.0602;68.4075529412;69.0482588235;68.6960705882;68.4614352941;68.3308941176;68.8517882353;69.3983176471;68.4770823529;68.3126117647;68.7167176471;68.3715529412;69.1558235294;69.1388705882;68.742;68.4506117647;68.7428235294;68.8018588235;68.7096470588;69.1860117647;68.5620235294;68.6477882353;68.9121529412;69.1888941176;68.4935294118;68.3834117647;68.3128
69.0670705882;68.7624470588;69.0508352941;69.0579058824;68.4101882353;69.0482588235;68.6736352941;68.4614352941;68.3308941176;68.8638352941;69.3957176471;68.4770823529;68.3126117647;68.7172941176;68.3588470588;69.1755882353;69.1340705882;68.742;68.4506117647;68.7428235294;68.8018588235;68.7096470588;69.2181411765;68.5620235294;68.6477882353;68.8717764706;69.1888941176;68.4935294118;68.3834117647;68.3089529412
69.0670705882;68.7251764706;69.0586352941;69.0900941176;68.4076;69.0482588235;68.6882117647;68.4614352941;68.3308941176;68.8852470588;69.4123764706;68.4770823529;68.3126117647;68.7186588235;68.3551764706;69.1728705882;69.1194941176;68.742;68.4506117647;68.7428235294;68.8018588235;68.7096470588;69.1495294118;68.5620235294;68.6477882353;68.8977529412;69.1888941176;68.4935294118;68.3834117647;68.3142235294
69.0956705882;68.7683764706;69.0436705882;69.0535294118;68.4076;69.0482588235;68.7112235294;68.4614352941;68.3308941176;68.8517882353;69.4037294118;68.4770823529;68.3126117647;68.7222352941;68.3551764706;69.1702235294;69.1233058824;68.742;68.4506117647;68.7428235294;68.8018588235;68.7333294118;69.1404941176;68.5620235294;68.6477882353;68.9022705882;69.1888941176;68.4935294118;68.3834117647;68.3078117647
69.1033647059;68.7251764706;69.0414235294;69.0579058824;68.4076;69.0482588235;68.6892;68.4614352941;68.3308941176;68.8587882353;69.4037294118;68.4770823529;68.3126117647;68.7222352941;68.3551764706;69.1783764706;69.1274;68.742;68.4506117647;68.7435882353;68.8018588235;68.7590588235;69.1404941176;68.5620235294;68.6477882353;68.8841647059;69.1888941176;68.4935294118;68.3834117647;68.3078117647
69.0648941176;68.7745882353;69.0392470588;69.0675058824;68.4076;69.0482588235;68.6800235294;68.4614352941;68.3308941176;68.8543764706;69.3816;68.4963764706;68.3126117647;68.7194470588;68.3551764706;69.1580470588;69.1317764706;68.742;68.4506117647;68.7522470588;68.8018588235;68.7096470588;69.1404941176;68.5620235294;68.6477882353;68.9095764706;69.1888941176;68.4935294118;68.3834117647;68.3078117647
69.0568941176;68.7251764706;69.0392470588;69.065;68.4076;69.0482588235;68.6821058824;68.4614352941;68.3308941176;68.8557764706;69.3860235294;68.4919529412;68.3126117647;68.7222352941;68.4438;69.1676470588;69.1295529412;68.742;68.4506117647;68.7496588235;68.8018588235;68.7528470588;69.1404941176;68.5620235294;68.6477882353;68.8752705882;69.1888941176;68.4935294118;68.3834117647;68.3078117647
69.0568941176;68.7514352941;69.0392470588;69.0602;68.4076;69.0519294118;68.6718705882;68.4614352941;68.3308941176;68.8506;69.3837764706;68.4821294118;68.3126117647;68.7222352941;68.3551764706;69.1536705882;69.1521058824;68.742;68.4506117647;68.7551176471;68.8018588235;68.7096470588;69.1404941176;68.5620235294;68.6477882353;68.8809176471;69.1888941176;68.4935294118;68.3834117647;68.3078117647
69.0568941176;68.7251764706;69.0392470588;69.0782352941;68.4076;69.0745176471;68.6680235294;68.4614352941;68.3344588235;68.8494823529;69.3816;68.4803764706;68.3126117647;68.7222352941;68.3607882353;69.1536705882;69.1143058824;68.742;68.4506117647;68.7551176471;68.8018588235;68.7096470588;69.1404941176;68.5620235294;68.6477882353;68.8858941176;69.1888941176;68.4935294118;68.3834117647;68.3078117647
69.0568941176;68.7251764706;69.0392470588;69.0700823529;68.4076;69.0519294118;68.6718705882;68.4614352941;68.3308941176;68.8494823529;69.3816;68.5035411765;68.3132352941;68.7222352941;68.3763529412;69.1676470588;69.1176941176;68.742;68.4603176471;68.7453294118;68.8018588235;68.7096470588;69.1404941176;68.5620235294;68.6477882353;68.8794;69.2257882353;68.4935294118;68.3834117647;68.3078117647
69.0568941176;68.7251764706;69.0392470588;69.0782352941;68.4076;69.0884588235;68.6814705882;68.4614352941;68.3509294118;68.8494823529;69.3816;68.4839529412;68.3207647059;68.7222352941;68.3551764706;69.1580470588;69.1159647059;68.742;68.5065176471;68.7484705882;68.8018588235;68.7096470588;69.1404941176;68.5620235294;68.6477882353;68.8707529412;69.1888941176;68.4935294118;68.3834117647;68.3078117647
69.0568941176;68.7251764706;69.0392470588;69.0625647059;68.4076;69.0884588235;68.6718705882;68.4455294118;68.3308941176;68.8494823529;69.3816;68.4878117647;68.3139294118;68.7222352941;68.3763529412;69.1536705882;69.1493176471;68.742;68.4506117647;68.7428235294;68.8018588235;68.7096470588;69.1404941176;68.5620235294;68.6477882353;68.8707529412;69.2138352941;68.4935294118;68.3834117647;68.3078117647
69.0627882353;68.7251764706;69.0392470588;69.0535294118;68.4076;69.0519294118;68.6747882353;68.4455294118;68.3509294118;68.8494823529;69.3816;68.4803764706;68.3310588235;68.7222352941;68.3578941176;69.1536705882;69.1159647059;68.742;68.4717882353;68.7428235294;68.8018588235;68.7096470588;69.1404941176;68.5620235294;68.6477882353;68.8707529412;69.2056117647;68.4935294118;68.3834117647;68.3078117647
69.0764823529;68.7251764706;69.0392470588;69.0625647059;68.4076;69.0519294118;68.6763529412;68.4455294118;68.3371882353;68.8494823529;69.3816;68.4803764706;68.3146941176;68.7222352941;68.3770117647;69.1536705882;69.1274;68.742;68.4506117647;68.7428235294;68.8018588235;68.7096470588;69.1404941176;68.5620235294;68.6477882353;68.8707529412;69.1933176471;68.4935294118;68.3834117647;68.3078117647
69.0587882353;68.7251764706;69.0392470588;69.0700823529;68.4076;69.0482588235;68.6705176471;68.4455294118;68.3371882353;68.8494823529;69.3816;68.4839529412;68.3174117647;68.7222352941;68.3551764706;69.1536705882;69.1194941176;68.742;68.4669882353;68.7428235294;68.8018588235;68.7096470588;69.1404941176;68.5620235294;68.6477882353;68.8707529412;69.1933176471;68.4935294118;68.3834117647;68.3078117647
69.0693176471;68.7251764706;69.0392470588;69.0782352941;68.4076;69.0482588235;68.6747882353;68.4455294118;68.3418117647;68.8494823529;69.3816;68.4770823529;68.3164352941;68.7222352941;68.3560117647;69.1536705882;69.1143058824;68.742;68.4624705882;68.7428235294;68.8018588235;68.7096470588;69.1404941176;68.5620235294;68.6477882353;68.8707529412;69.2004823529;68.4935294118;68.3834117647;68.3078117647
69.0740235294;68.7251764706;69.0392470588;69.0602;68.4076;69.0482588235;68.6692352941;68.4455294118;68.3344588235;68.8494823529;69.3816;68.4770823529;68.3126117647;68.7222352941;68.3551764706;69.1536705882;69.1143058824;68.742;68.4506117647;68.7428235294;68.8018588235;68.7096470588;69.1404941176;68.5620235294;68.6477882353;68.8707529412;69.2030117647;68.4935294118;68.3834117647;68.3078117647
69.0790117647;68.7251764706;69.0392470588;69.0535294118;68.4076;69.0482588235;68.6680235294;68.4455294118;68.3308941176;68.8494823529;69.3816;68.4770823529;68.3139294118;68.7222352941;68.3551764706;69.1536705882;69.1143058824;68.742;68.4506117647;68.7428235294;68.8018588235;68.7096470588;69.1519647059;68.5620235294;68.6477882353;68.8707529412;69.2082823529;68.4935294118;68.3834117647;68.3078117647
69.0740235294;68.7251764706;69.0392470588;69.0964470588;68.4076;69.0482588235;68.6680235294;68.4455294118;68.3357882353;68.8494823529;69.3816;68.4770823529;68.3126117647;68.7222352941;68.3551764706;69.1536705882;69.1143058824;68.742;68.4524352941;68.7428235294;68.8018588235;68.7096470588;69.1404941176;68.5620235294;68.6477882353;68.8707529412;69.1888941176;68.4935294118;68.3834117647;68.3078117647
69.0670705882;68.7251764706;69.0392470588;69.0625647059;68.4076;69.0482588235;68.6705176471;68.4455294118;68.3308941176;68.8494823529;69.3816;68.4898470588;68.3126117647;68.7222352941;68.3551764706;69.1536705882;69.1143058824;68.742;68.4543764706;68.7428235294;68.8018588235;68.7096470588;69.1485764706;68.5620235294;68.6477882353;68.8848352941;69.1888941176;68.4935294118;68.3834117647;68.3078117647
69.0607529412;68.7251764706;69.0392470588;69.0579058824;68.4076;69.0482588235;68.6692352941;68.4455294118;68.3308941176;68.8494823529;69.3816;68.4786941176;68.3126117647;68.7222352941;68.3578941176;69.1536705882;68.7218823529;68.742;68.4543764706;68.7428235294;68.8037764706;68.7096470588;69.1387882353;68.5620235294;68.6477882353;68.8763647059;69.1888941176;68.4935294118;68.3834117647;68.3078117647
69.0568941176;68.7251764706;69.0392470588;69.0535294118;68.4076;69.0482588235;68.6680235294;68.4455294118;68.3308941176;68.8494823529;69.3816;68.5086705882;68.3126117647;68.7222352941;68.3600588235;69.1536705882;68.7218823529;68.742;68.4508352941;68.7428235294;68.8440588235;68.7096470588;69.1321882353;68.5620235294;68.6477882353;68.8826117647;69.1888941176;68.4935294118;68.3834117647;68.3142235294
69.0568941176;68.7251764706;69.0392470588;69.0535294118;68.4076;69.0482588235;68.6705176471;68.4455294118;68.3966705882;68.8494823529;69.3816;68.4786941176;68.3126117647;68.7222352941;68.3589411765;69.1536705882;68.7218823529;68.742;68.4543764706;68.7428235294;68.8018588235;68.7096470588;69.1271176471;68.5620235294;68.6477882353;68.8783764706;69.1888941176;68.4935294118;68.3834117647;68.3242470588
69.0568941176;68.7251764706;69.0392470588;69.0535294118;68.4076;69.0482588235;68.6680235294;68.4455294118;68.3402;68.8494823529;69.3816;68.4878117647;68.3126117647;68.7222352941;68.3600588235;69.1536705882;68.7218823529;68.742;68.4506117647;68.7428235294;68.8503647059;68.7096470588;69.1202352941;68.5620235294;68.6477882353;68.9266588235;69.1888941176;68.4935294118;68.3834117647;68.3142235294
69.0568941176;68.7251764706;69.0392470588;69.0535294118;68.4076;69.0482588235;68.6680235294;68.4455294118;68.3357882353;68.8494823529;69.3816;68.4919529412;68.3126117647;68.7222352941;68.3551764706;69.1536705882;68.7218823529;68.742;68.4508352941;68.7428235294;68.8099529412;68.7096470588;69.1180823529;68.5620235294;68.6477882353;68.8725529412;69.1888941176;68.4935294118;68.3834117647;68.3206235294
69.0568941176;68.7251764706;69.0641882353;69.0535294118;68.4076;69.0482588235;68.6680235294;68.4455294118;68.3402;68.8494823529;69.3816;68.4803764706;68.3126117647;68.7222352941;68.3625058824;69.1536705882;68.7218823529;68.742;68.4514941176;68.7428235294;68.8099529412;68.7096470588;69.1202352941;68.5620235294;68.6477882353;68.8826117647;69.1888941176;68.4935294118;68.3834117647;68.3128
69.0568941176;68.7251764706;69.0392470588;69.0535294118;68.4076;69.0482588235;68.6680235294;68.4455294118;68.3452470588;68.8494823529;69.3816;68.4770823529;68.3126117647;68.7222352941;68.3551764706;69.1536705882;68.7218823529;68.742;68.4506117647;68.7428235294;68.8191764706;68.7096470588;69.1577882353;68.5620235294;68.6477882353;68.8707529412;69.1888941176;68.4935294118;68.3834117647;68.3101647059
69.0568941176;68.7251764706;69.0414235294;69.0535294118;68.4076;69.0542823529;68.6680235294;68.4455294118;68.3344588235;68.8494823529;69.3816;68.4770823529;68.3126117647;68.7222352941;68.3551764706;69.1536705882;68.7218823529;68.742;68.4506117647;68.7428235294;68.8057647059;68.7096470588;69.1202352941;68.5620235294;68.6477882353;68.8707529412;69.1888941176;68.4935294118;68.3834117647;68.3078117647
69.0568941176;68.7251764706;69.0533647059;69.0535294118;68.4076;69.0589882353;68.6680235294;68.4455294118;68.3434941176;68.8494823529;69.3816;68.4786941176;68.3126117647;68.7222352941;68.3551764706;69.1536705882;68.7218823529;68.742;68.4506117647;68.7428235294;68.8018588235;68.7096470588;69.1247529412;68.5620235294;68.6477882353;68.8707529412;69.1888941176;68.4935294118;68.3834117647;68.3078117647
69.0568941176;68.7251764706;69.0436705882;69.0535294118;68.4076;69.0507058824;68.6680235294;68.4301882353;68.3344588235;68.8494823529;69.3816;68.4770823529;68.3126117647;68.7222352941;68.3551764706;69.1536705882;68.7218823529;68.742;68.4506117647;68.7428235294;68.8018588235;68.7096470588;69.116;68.5620235294;68.6477882353;68.8707529412;69.1888941176;68.4935294118;68.3834117647;68.3114470588
69.0568941176;68.7251764706;69.0392470588;69.0535294118;68.4076;69.0617647059;68.6680235294;68.4301882353;68.3308941176;68.8494823529;69.3816;68.4770823529;68.3126117647;68.7222352941;68.3551764706;69.1536705882;68.7218823529;68.742;68.4506117647;68.7428235294;68.8018588235;68.7096470588;69.1320588235;68.5620235294;68.6477882353;68.8707529412;69.1888941176;68.4935294118;68.3834117647;68.3089529412
69.0568941176;68.7251764706;69.0392470588;69.0535294118;68.4076;69.0523529412;68.6680235294;68.4301882353;68.3308941176;68.8494823529;69.3816;68.4770823529;68.3126117647;68.7222352941;68.3551764706;69.1536705882;68.7218823529;68.742;68.4506117647;68.7428235294;68.8018588235;68.7096470588;69.116;68.5620235294;68.6477882353;68.8707529412;69.1888941176;68.4935294118;68.3834117647;68.3078117647
69.0568941176;68.7251764706;69.0489529412;69.0845882353;68.4076;69.0493411765;68.6680235294;68.4301882353;68.3357882353;68.8494823529;69.3816;68.4770823529;68.3126117647;68.7222352941;68.3551764706;69.1536705882;68.7218823529;68.742;68.4511294118;68.7428235294;68.8018588235;68.7096470588;69.116;68.5620235294;68.6477882353;68.8707529412;69.1888941176;68.4935294118;68.3834117647;68.3078117647
69.0568941176;68.7251764706;69.0216470588;69.0535294118;68.4076;69.0482588235;68.6680235294;68.4301882353;68.3308941176;68.8494823529;69.3816;68.4770823529;68.3126117647;68.7222352941;68.3551764706;69.1536705882;68.7218823529;68.742;68.4506117647;68.7428235294;68.8018588235;68.7096470588;69.116;68.5620235294;68.6477882353;68.8707529412;69.1888941176;68.4935294118;68.3834117647;68.3078117647
69.0568941176;68.7251764706;69.0259764706;69.0535294118;68.4076;69.0482588235;68.6680235294;68.4301882353;68.3308941176;68.8494823529;69.3816;68.4770823529;68.3126117647;68.7222352941;68.3551764706;69.1536705882;68.7218823529;68.742;68.4835529412;68.7428235294;68.8018588235;68.7096470588;69.116;68.5620235294;68.6477882353;68.8707529412;69.1888941176;68.4935294118;68.3834117647;68.3078117647
69.0568941176;68.7251764706;69.0259764706;69.0535294118;68.4076;69.0482588235;68.6680235294;68.4301882353;68.3308941176;68.8494823529;69.3816;68.4770823529;68.3126117647;68.7222352941;68.3551764706;69.1536705882;68.7218823529;68.742;68.4506117647;68.7428235294;68.8018588235;68.7096470588;69.116;68.5620235294;68.6477882353;68.8707529412;69.1888941176;68.4935294118;68.3834117647;68.3078117647
69.0568941176;68.7251764706;69.0354823529;69.0535294118;68.4076;69.0482588235;68.6680235294;68.4301882353;68.3308941176;68.8494823529;69.3816;68.4898470588;68.3126117647;68.7222352941;68.3551764706;69.1536705882;68.7218823529;68.742;68.4506117647;68.7428235294;68.8018588235;68.7096470588;69.116;68.5620235294;68.6477882353;68.8707529412;69.1888941176;68.4935294118;68.3834117647;68.3078117647
69.0568941176;68.7251764706;69.0216470588;69.0535294118;68.4076;69.0482588235;68.6680235294;68.4301882353;68.3308941176;68.8494823529;69.3816;68.4941294118;68.3126117647;68.7222352941;68.3551764706;69.1536705882;68.7218823529;68.742;68.4508352941;68.7428235294;68.8018588235;68.7096470588;69.116;68.5620235294;68.6477882353;68.8707529412;69.1888941176;68.4935294118;68.3834117647;68.3078117647
69.0568941176;68.7251764706;69.0305882353;69.0535294118;68.4076;69.0482588235;68.6680235294;68.4301882353;68.3308941176;68.8494823529;69.3816;68.4839529412;68.3126117647;68.7222352941;68.3551764706;69.1536705882;68.7218823529;68.742;68.4511294118;68.7428235294;68.8018588235;68.7096470588;69.116;68.5620235294;68.6477882353;68.8707529412;69.1888941176;68.4935294118;68.3834117647;68.3078117647
69.0568941176;68.7251764706;69.0380352941;69.0535294118;68.4076;69.0482588235;68.6680235294;68.4301882353;68.3308941176;68.8494823529;69.3816;68.4878117647;68.3126117647;68.7222352941;68.3551764706;69.1536705882;68.7218823529;68.742;68.4530117647;68.7428235294;68.8018588235;68.7096470588;69.116;68.5620235294;68.6477882353;68.8707529412;69.1956352941;68.4935294118;68.3834117647;68.3078117647
69.0568941176;68.7251764706;69.0707764706;69.0535294118;68.4076;69.0482588235;68.6680235294;68.4301882353;68.3308941176;68.8494823529;69.3816;68.4919529412;68.3126117647;68.7222352941;68.3551764706;69.1536705882;68.7218823529;68.742;68.4514941176;68.7428235294;68.8018588235;68.7096470588;69.116;68.5620235294;68.6477882353;68.8707529412;69.1888941176;68.4935294118;68.3834117647;68.3078117647
69.0568941176;68.7251764706;69.0216470588;69.0535294118;68.4076;69.0482588235;68.6680235294;68.4301882353;68.3308941176;68.8494823529;69.3816;68.4878117647;68.3126117647;68.7222352941;68.3551764706;69.1536705882;68.7218823529;68.742;68.4506117647;68.7428235294;68.8018588235;68.7096470588;69.116;68.5620235294;68.6477882353;68.8707529412;69.2004823529;68.4935294118;68.3834117647;68.3078117647
69.0568941176;68.7251764706;69.0237764706;69.0535294118;68.4076;69.0482588235;68.6680235294;68.4301882353;68.3308941176;68.8494823529;69.3816;68.4839529412;68.3126117647;68.7222352941;68.3551764706;69.1536705882;68.7218823529;68.742;68.4506117647;68.7428235294;68.8018588235;68.7096470588;69.116;68.5620235294;68.6477882353;68.8707529412;69.1956352941;68.4935294118;68.3834117647;68.3078117647
69.0568941176;68.7251764706;69.0707764706;69.0535294118;68.4076;69.0482588235;68.6680235294;68.4301882353;68.3308941176;68.8494823529;69.3816;68.4839529412;68.3126117647;68.7222352941;68.3551764706;69.1536705882;68.7218823529;68.742;68.4506117647;68.7428235294;68.8018588235;68.7096470588;69.116;68.5620235294;68.6477882353;68.8707529412;69.1910705882;68.4935294118;68.3834117647;68.3078117647
69.0568941176;68.7251764706;69.0216470588;69.0535294118;68.4076;69.0482588235;68.6680235294;68.4301882353;68.3308941176;68.8494823529;69.3816;68.4770823529;68.3126117647;68.7222352941;68.3551764706;69.1536705882;68.7218823529;68.742;68.4506117647;68.7428235294;68.8018588235;68.7096470588;69.116;68.5620235294;68.6477882353;68.8707529412;69.2004823529;68.4935294118;68.3834117647;68.3078117647
69.0568941176;68.7251764706;69.0282470588;69.0535294118;68.4076;69.0482588235;68.6680235294;68.4301882353;68.3308941176;68.8494823529;69.3816;68.4803764706;68.3126117647;68.7434117647;68.3551764706;69.1536705882;68.7218823529;68.742;68.4506117647;68.7428235294;68.8018588235;68.7096470588;69.116;68.5620235294;68.6477882353;68.8707529412;69.1933176471;68.4935294118;68.3834117647;68.3078117647
69.0568941176;68.7251764706;69.0259764706;69.0535294118;68.4076;69.0482588235;68.6680235294;68.4301882353;68.3308941176;68.8494823529;69.3816;68.4821294118;68.3126117647;68.7222352941;68.3551764706;69.1536705882;68.7218823529;68.742;68.4506117647;68.7428235294;68.8018588235;68.7096470588;69.116;68.5620235294;68.6477882353;68.8707529412;69.2138352941;68.4935294118;68.3834117647;68.3078117647
69.0568941176;68.7251764706;69.0237764706;69.0535294118;68.4076;69.0482588235;68.6680235294;68.4301882353;68.3308941176;68.8494823529;69.3816;68.5010823529;68.3126117647;68.7240352941;68.3551764706;69.1536705882;68.7218823529;68.742;68.4506117647;68.7428235294;68.8018588235;68.7096470588;69.116;68.5620235294;68.6477882353;68.8707529412;69.1956352941;68.4935294118;68.3834117647;68.3078117647
69.0568941176;68.7251764706;69.0354823529;69.0535294118;68.4239764706;69.0482588235;68.6763529412;68.4301882353;68.3308941176;68.8494823529;69.3816;68.4770823529;68.3126117647;68.7595058824;68.3551764706;69.1536705882;68.7218823529;68.742;68.4506117647;68.7428235294;68.8018588235;68.7096470588;69.116;68.5620235294;68.6477882353;68.8707529412;69.2004823529;68.4935294118;68.3834117647;68.3078117647
69.0568941176;68.7251764706;69.0259764706;69.0535294118;68.4094;69.0482588235;68.6680235294;68.4301882353;68.3308941176;68.8494823529;69.3816;68.4803764706;68.3126117647;68.7222352941;68.3551764706;69.1536705882;68.7218823529;68.742;68.4506117647;68.7428235294;68.8018588235;68.7096470588;69.116;68.5620235294;68.6477882353;68.8707529412;69.1933176471;68.4935294118;68.3834117647;68.3078117647
69.0568941176;68.7251764706;69.0216470588;69.0535294118;68.4076;69.0482588235;68.6680235294;68.4301882353;68.3308941176;68.8494823529;69.3816;68.4878117647;68.3126117647;68.7386117647;68.3551764706;69.1536705882;68.7218823529;68.742;68.4506117647;68.7428235294;68.8018588235;68.7096470588;69.116;68.5620235294;68.6477882353;68.8707529412;69.1888941176;68.4935294118;68.3834117647;68.3078117647
69.0568941176;68.7251764706;69.0282470588;69.0535294118;68.4570117647;69.0482588235;68.6680235294;68.4301882353;68.3308941176;68.8494823529;69.3816;68.4919529412;68.3126117647;68.7222352941;68.3551764706;69.1536705882;68.7218823529;68.742;68.4506117647;68.7428235294;68.8018588235;68.7096470588;69.116;68.5620235294;68.6477882353;68.8707529412;69.1888941176;68.4935294118;68.3834117647;68.3078117647
