OW_k8_discount0.95_window30_randomInit_1h13m7s.txt;OW_k4_discount0.8_window30_sequentialInit_1h14m1s.txt;OW_k4_discount0.8_window10_sequentialInit_1h13m41s.txt;OW_k4_discount0.95_window30_sequentialInit_1h12m26s.txt;OW_k8_discount0.95_window20_randomInit_1h12m56s.txt;OW_k4_discount0.99_window10_sequentialInit_1h10m32s.txt;OW_k4_discount0.8_window50_sequentialInit_1h14m16s.txt;OW_k4_discount1.0_window20_randomInit_1h9m3s.txt;OW_k4_discount0.99_window20_randomInit_1h10m35s.txt;OW_k8_discount0.99_window20_sequentialInit_1h11m27s.txt;OW_k8_discount0.95_window10_randomInit_1h12m48s.txt;OW_k8_discount0.99_window10_sequentialInit_1h11m18s.txt;OW_k8_discount0.99_window10_randomInit_1h11m14s.txt;OW_k4_discount0.8_window50_randomInit_1h14m8s.txt;OW_k4_discount1.0_window50_sequentialInit_1h9m33s.txt;OW_k8_discount0.8_window50_randomInit_1h14m57s.txt;OW_k8_discount1.0_window10_randomInit_1h9m41s.txt;OW_k4_discount1.0_window20_sequentialInit_1h9m8s.txt;OW_k4_discount0.99_window10_randomInit_1h10m28s.txt;OW_k8_discount0.99_window50_randomInit_1h11m46s.txt;OW_k4_discount0.95_window50_randomInit_1h12m32s.txt;OW_k8_discount1.0_window20_sequentialInit_1h9m54s.txt;OW_k4_discount0.95_window10_randomInit_1h12m3s.txt;OW_k4_discount0.99_window50_sequentialInit_1h11m6s.txt;OW_k4_discount0.95_window30_randomInit_1h12m20s.txt;OW_k8_discount1.0_window10_sequentialInit_1h9m45s.txt;OW_k8_discount1.0_window30_randomInit_1h9m59s.txt;OW_k4_discount0.8_window20_randomInit_1h13m45s.txt;OW_k8_discount0.8_window50_sequentialInit_1h15m6s.txt;OW_k4_discount0.99_window20_sequentialInit_1h10m40s.txt;OW_k8_discount0.95_window50_sequentialInit_1h13m29s.txt;OW_k8_discount1.0_window50_randomInit_1h10m12s.txt;OW_k4_discount1.0_window30_sequentialInit_1h9m19s.txt;OW_k8_discount1.0_window30_sequentialInit_1h10m5s.txt;OW_k8_discount0.99_window30_randomInit_1h11m33s.txt;OW_k8_discount0.8_window30_randomInit_1h14m43s.txt;OW_k4_discount0.99_window30_sequentialInit_1h10m51s.txt;OW_k8_discount1.0_window20_randomInit_1h9m49s.txt;OW_k8_discount0.8_window10_randomInit_1h14m24s.txt;OW_k8_discount1.0_window50_sequentialInit_1h10m20s.txt;OW_k4_discount1.0_window10_sequentialInit_1h9m0s.txt;OW_k8_discount0.8_window10_sequentialInit_1h14m28s.txt;OW_k4_discount0.95_window50_sequentialInit_1h12m40s.txt;OW_k4_discount1.0_window10_randomInit_1h8m56s.txt;OW_k4_discount0.95_window10_sequentialInit_1h12m6s.txt;OW_k4_discount0.95_window20_sequentialInit_1h12m15s.txt;OW_k4_discount0.99_window50_randomInit_1h10m57s.txt;OW_k8_discount0.95_window50_randomInit_1h13m21s.txt;OW_k4_discount0.8_window30_randomInit_1h13m55s.txt;OW_k8_discount0.99_window30_sequentialInit_1h11m39s.txt;OW_k4_discount1.0_window50_randomInit_1h9m25s.txt;OW_k8_discount0.8_window20_randomInit_1h14m32s.txt;OW_k4_discount0.95_window20_randomInit_1h12m10s.txt;OW_k8_discount0.95_window10_sequentialInit_1h12m52s.txt;OW_k4_discount0.99_window30_randomInit_1h10m45s.txt;OW_k8_discount0.8_window20_sequentialInit_1h14m38s.txt;OW_k4_discount0.8_window20_sequentialInit_1h13m50s.txt;OW_k8_discount0.8_window30_sequentialInit_1h14m50s.txt;OW_k8_discount0.99_window20_randomInit_1h11m22s.txt;OW_k8_discount0.95_window20_sequentialInit_1h13m2s.txt;OW_k4_discount1.0_window30_randomInit_1h9m13s.txt;OW_k8_discount0.99_window50_sequentialInit_1h11m54s.txt;OW_k8_discount0.95_window30_sequentialInit_1h13m14s.txt;OW_k4_discount0.8_window10_randomInit_1h13m38s.txt
82.9381176471;96.3529411765;96.3529411765;96.3529411765;82.6599411765;96.3529411765;96.3529411765;84.6971176471;84.1531058824;96.3529411765;82.5049529412;96.3529411765;82.3536235294;84.8276705882;96.3529411765;82.8877529412;82.7105647059;96.3529411765;83.8865294118;82.5044352941;84.419;96.3529411765;84.1327882353;96.3529411765;83.8918941176;96.3529411765;83.2600117647;83.9891529412;96.3529411765;96.3529411765;96.3529411765;82.9610705882;96.3529411765;96.3529411765;83.2390705882;82.5340352941;96.3529411765;82.5413058824;83.1910823529;96.3529411765;96.3529411765;96.3529411765;96.3529411765;84.6205176471;96.3529411765;96.3529411765;84.6956588235;82.3151176471;84.1978941176;96.3529411765;84.3104941176;83.6648235294;83.6851882353;96.3529411765;84.5714705882;96.3529411765;96.3529411765;96.3529411765;82.8015294118;96.3529411765;83.8408;96.3529411765;96.3529411765;84.6065411765
83.8666823529;101.470588235;101.470588235;101.470588235;82.2780588235;101.470588235;101.470588235;84.0364823529;85.1248352941;101.470588235;83.4588117647;101.470588235;83.6699176471;84.8253411765;101.470588235;83.2711176471;82.8062941176;101.470588235;84.8605411765;83.5023882353;85.4726941176;101.470588235;84.6731058824;101.470588235;86.0359176471;101.470588235;82.2897176471;84.0330117647;101.470588235;101.470588235;101.470588235;83.5516352941;101.470588235;101.470588235;83.4266352941;83.2585882353;101.470588235;83.1247411765;83.8339764706;101.470588235;101.470588235;101.470588235;101.470588235;84.4045529412;101.470588235;101.470588235;84.6403647059;83.1840352941;84.0873647059;101.470588235;84.4515529412;84.1744588235;84.9722352941;101.470588235;84.4117882353;101.470588235;101.470588235;101.470588235;82.8508352941;101.470588235;85.2041294118;101.470588235;101.470588235;84.9260705882
82.3486588235;100.176470588;100.176470588;100.176470588;83.0432941176;100.176470588;100.176470588;85.0945529412;84.7987647059;100.176470588;83.7425882353;100.176470588;83.3096588235;84.4230235294;100.176470588;82.9915411765;83.7103294118;100.176470588;85.0980235294;82.3667882353;83.3320941176;100.176470588;84.7588117647;100.176470588;84.8390470588;100.176470588;83.3230470588;85.3541294118;100.176470588;100.176470588;100.176470588;82.8865882353;100.176470588;100.176470588;82.7905058824;83.1372705882;100.176470588;82.3572941176;82.8510705882;100.176470588;100.176470588;100.176470588;100.176470588;84.3749294118;100.176470588;100.176470588;83.9795294118;82.1747647059;85.1214352941;100.176470588;84.3129764706;82.8641647059;84.4666352941;100.176470588;84.8472;100.176470588;100.176470588;100.176470588;83.2346823529;100.176470588;84.307;100.176470588;100.176470588;84.6453764706
81.5579529412;99.7647058824;99.7647058824;99.7647058824;83.9630941176;99.7647058824;99.7647058824;84.3745058824;84.1990588235;99.7647058824;82.9622117647;99.7647058824;82.5983764706;84.1742;99.7647058824;82.3953176471;81.9498588235;99.7647058824;84.3673764706;81.3921411765;85.0364;99.7647058824;84.6555764706;99.7647058824;83.5386;99.7647058824;83.3128470588;84.8743411765;99.7647058824;99.7647058824;99.7647058824;82.2921529412;99.7647058824;99.7647058824;83.1942;83.5252941176;99.7647058824;83.2629176471;82.3743294118;99.7647058824;99.7647058824;99.7647058824;99.7647058824;84.9060941176;99.7647058824;99.7647058824;84.9397882353;82.3940235294;84.9886705882;99.7647058824;85.1289294118;82.9128352941;85.1166705882;99.7647058824;84.4020352941;99.7647058824;99.7647058824;99.7647058824;83.1803411765;99.7647058824;84.9018823529;99.7647058824;99.7647058824;84.0980117647
83.7837176471;78.5882352941;78.5882352941;78.5882352941;83.2236705882;78.5882352941;78.5882352941;72.7647058824;72.7647058824;109.882352941;82.5943882353;109.882352941;82.4039176471;72.7647058824;78.5882352941;82.7035764706;83.2506941176;78.5882352941;72.7647058824;82.9066352941;72.7647058824;109.882352941;72.7647058824;78.5882352941;72.7647058824;109.882352941;82.7906470588;72.7647058824;109.882352941;78.5882352941;109.882352941;82.8376235294;78.5882352941;109.882352941;82.6570470588;82.1338117647;78.5882352941;82.9677294118;83.0359764706;109.882352941;78.5882352941;109.882352941;78.5882352941;72.7647058824;78.5882352941;78.5882352941;72.7647058824;83.5291647059;72.7647058824;109.882352941;72.7647058824;81.6662352941;72.7647058824;109.882352941;72.7647058824;109.882352941;78.5882352941;109.882352941;82.4820235294;109.882352941;72.7647058824;109.882352941;109.882352941;72.7647058824
82.2768;82.8235294118;82.8235294118;82.8235294118;83.7262941176;82.8235294118;82.8235294118;72.7647058824;72.7647058824;107.588235294;82.7952705882;107.588235294;82.5610823529;72.7647058824;82.8235294118;82.9258588235;82.9732117647;82.8235294118;72.7647058824;83.3389764706;72.7647058824;107.588235294;72.7647058824;82.8235294118;72.7647058824;107.588235294;82.8980470588;72.7647058824;107.588235294;82.8235294118;107.588235294;81.7314352941;82.8235294118;107.588235294;82.7136235294;83.0539764706;82.8235294118;82.1669411765;83.6779882353;107.588235294;82.8235294118;107.588235294;82.8235294118;72.7647058824;82.8235294118;82.8235294118;72.7647058824;83.1291176471;72.7647058824;107.588235294;72.7647058824;82.5936;72.7647058824;107.588235294;72.7647058824;107.588235294;82.8235294118;107.588235294;81.9710352941;107.588235294;72.7647058824;107.588235294;107.588235294;72.7647058824
82.6707647059;78.5882352941;78.5882352941;78.5882352941;82.0525176471;78.5882352941;78.5882352941;72.7647058824;72.7647058824;104.470588235;82.5301529412;104.470588235;83.3530470588;77.2070588235;78.5882352941;82.9968;82.4571529412;78.5882352941;72.7647058824;83.7098352941;72.7647058824;104.470588235;72.7647058824;78.5882352941;72.7647058824;104.470588235;83.2899647059;79.8235294118;104.470588235;78.5882352941;104.470588235;83.3564588235;78.5882352941;104.470588235;82.6007647059;83.5390588235;78.5882352941;83.6095647059;82.2880352941;104.470588235;78.5882352941;104.470588235;78.5882352941;72.7647058824;78.5882352941;78.5882352941;72.7647058824;83.6189529412;78.6379294118;104.470588235;72.7647058824;82.3705176471;72.7647058824;104.470588235;72.7647058824;104.470588235;78.5882352941;104.470588235;83.5640705882;104.470588235;72.7647058824;104.470588235;104.470588235;77.1206588235
83.9582470588;78.5882352941;78.5882352941;78.5882352941;82.3057647059;78.5882352941;78.5882352941;72.7771294118;72.9654588235;92.1176470588;82.7157647059;92.1176470588;83.0477411765;72.7647058824;78.5882352941;83.1280117647;83.4265529412;78.5882352941;72.9912470588;83.6678588235;73.4520470588;92.1176470588;74.2233411765;78.5882352941;74.5744;92.1176470588;82.1693882353;72.7647058824;92.1176470588;78.5882352941;92.1176470588;83.7122352941;78.5882352941;92.1176470588;82.6628117647;82.0561058824;78.5882352941;83.2468235294;82.0773058824;92.1176470588;78.5882352941;92.1176470588;78.5882352941;73.1427764706;78.5882352941;78.5882352941;72.8635294118;82.9414588235;72.7647058824;92.1176470588;72.7647058824;83.1444941176;75.9019294118;92.1176470588;73.3011764706;92.1176470588;78.5882352941;92.1176470588;83.3619294118;92.1176470588;73.0776470588;92.1176470588;92.1176470588;72.7647058824
75.8953647059;78.5882352941;78.5882352941;78.5882352941;74.1078352941;78.5882352941;78.5882352941;72.8821647059;72.7647058824;88.9411764706;75.4490705882;88.9411764706;75.6636;73.3029764706;78.5882352941;76.5639529412;74.7850705882;78.5882352941;72.7647058824;75.7563647059;72.7647058824;88.9411764706;72.7647058824;78.5882352941;72.7647058824;88.9411764706;75.1759882353;73.1026823529;88.9411764706;78.5882352941;88.9411764706;74.6175411765;78.5882352941;88.9411764706;75.7395764706;77.3191882353;78.5882352941;74.803;77.2340588235;88.9411764706;78.5882352941;88.9411764706;78.5882352941;72.7647058824;78.5882352941;78.5882352941;72.7686588235;73.8166352941;73.1933176471;88.9411764706;75.7339294118;76.9972941176;72.7647058824;88.9411764706;72.7647058824;88.9411764706;78.5882352941;88.9411764706;74.8440470588;88.9411764706;72.7647058824;88.9411764706;88.9411764706;73.1467294118
75.0146470588;78.5882352941;78.5882352941;78.5882352941;77.7611176471;78.5882352941;78.5882352941;72.7856;73.2326588235;96.3529411765;76.209;96.3529411765;77.2778705882;73.2085294118;78.5882352941;91.3045647059;77.6470588235;78.5882352941;73.1687529412;77.408;73.7811764706;96.3529411765;72.7647058824;78.5882352941;72.7647058824;96.3529411765;77.2997647059;73.7867882353;96.8235294118;78.5882352941;96.3529411765;77.5088823529;78.5882352941;96.3529411765;77.2552470588;92.3086470588;78.5882352941;78.0997647059;91.4554352941;96.3529411765;78.5882352941;96.8235294118;78.5882352941;73.5587764706;78.5882352941;78.5882352941;73.2232470588;77.6952352941;73.3775647059;96.3529411765;72.7647058824;91.0367882353;72.7647058824;96.3529411765;72.9411764706;96.8235294118;78.5882352941;96.8235294118;78.1378823529;96.3529411765;72.7647058824;96.3529411765;96.3529411765;73.9757764706
71.8851529412;78.5882352941;78.5882352941;78.5882352941;71.4862117647;78.5882352941;78.5882352941;73.4867764706;72.7647058824;86.8235294118;71.8340823529;86.8235294118;71.8823529412;72.7647058824;78.5882352941;80.7122117647;72.4702117647;78.5882352941;72.7647058824;71.4375058824;72.7647058824;86.8235294118;73.1776;78.5882352941;73.0623058824;86.8235294118;71.6895529412;73.0479058824;87.2941176471;78.5882352941;86.8235294118;72.4119058824;78.5882352941;86.8235294118;71.9288;78.8454;78.5882352941;72.1956235294;77.6163647059;86.8235294118;78.5882352941;87.2941176471;78.5882352941;72.7647058824;78.5882352941;78.5882352941;72.7647058824;71.3630117647;72.8494117647;86.8235294118;72.7647058824;79.0199058824;72.7717647059;86.8235294118;72.7647058824;87.2941176471;78.5882352941;87.2941176471;71.5611764706;86.8235294118;74.24;86.8235294118;86.8235294118;72.7647058824
73.2386588235;78.5882352941;96.3529411765;78.5882352941;76.8928117647;96.3529411765;78.5882352941;72.7647058824;72.7904;83.8235294118;85.9348117647;96.3529411765;85.3277882353;75.2965647059;78.5882352941;76.8860823529;85.4806;78.5882352941;84.3420588235;71.2893411765;72.7647058824;83.8235294118;83.6606470588;78.5882352941;72.7647058824;96.3529411765;72.2222;73.4511764706;87.1176470588;78.5882352941;83.8235294118;70.9409294118;78.5882352941;83.8235294118;76.2281529412;78.6560352941;78.5882352941;70.1793647059;86.7074352941;83.8235294118;96.3529411765;103.411764706;78.5882352941;84.1331529412;96.3529411765;78.5882352941;72.8971294118;75.5569176471;74.2292;83.8235294118;72.7647058824;78.9043529412;73.1094588235;96.3529411765;72.7647058824;87.1176470588;78.5882352941;87.1176470588;71.4155058824;83.8235294118;72.7647058824;83.8235294118;83.8235294118;84.0397294118
72.0662823529;78.5882352941;98.1764705882;78.5882352941;72.5218823529;98.1764705882;78.5882352941;72.7701647059;72.8635294118;83.8235294118;85.6735647059;101.470588235;85.5376;70.3622588235;78.5882352941;73.0469411765;85.1105411765;78.5882352941;84.5066588235;68.9397764706;73.1687529412;83.8235294118;84.6731058824;78.5882352941;73.1013647059;101.470588235;69.3881058824;70.7371647059;80.4705882353;78.5882352941;83.8235294118;68.2158117647;78.5882352941;83.8235294118;72.2127058824;73.0767176471;78.5882352941;68.4959764706;85.4731764706;83.8235294118;98.1764705882;98.1764705882;78.5882352941;84.6303176471;98.1764705882;78.5882352941;73.1343058824;72.8052352941;70.6031411765;83.8235294118;72.7647058824;72.0019529412;72.7647058824;101.470588235;74.5011764706;80.4705882353;78.5882352941;80.4705882353;71.7728941176;83.8235294118;72.7647058824;83.8235294118;83.8235294118;84.3426941176
69.5511294118;78.5882352941;100.176470588;78.5882352941;71.4388;100.176470588;78.5882352941;72.9296;72.7647058824;83.8235294118;85.4709411765;92.4117647059;84.9176823529;71.9315764706;78.5882352941;70.0413058824;85.2331294118;78.5882352941;84.6575529412;68.8314705882;72.7647058824;83.8235294118;84.2552823529;78.5882352941;72.7647058824;92.4117647059;69.3361764706;71.0534;80.4705882353;78.5882352941;83.8235294118;68.2158117647;78.5882352941;83.8235294118;77.5743058824;69.0366823529;78.5882352941;68.4959764706;82.6623647059;83.8235294118;100.176470588;92.4117647059;78.5882352941;84.0528588235;100.176470588;78.5882352941;72.7647058824;70.0176;71.2942352941;83.8235294118;73.2139294118;69.2387764706;72.7647058824;92.4117647059;72.7647058824;80.4705882353;78.5882352941;80.4705882353;72.0558235294;83.8235294118;72.7647058824;83.8235294118;83.8235294118;84.1667882353
69.3501529412;78.5882352941;99.7647058824;78.5882352941;69.8497882353;99.7647058824;78.5882352941;72.7647058824;73.1955764706;83.8235294118;84.6364705882;98.1764705882;84.5029882353;71.1413764706;78.5882352941;69.2918;82.9373058824;78.5882352941;84.0897294118;68.8258588235;72.7647058824;83.8235294118;84.3294588235;78.5882352941;72.7647058824;98.1764705882;69.4285411765;72.2439764706;80.4705882353;78.5882352941;83.8235294118;68.2158117647;78.5882352941;83.8235294118;73.4583176471;68.9311647059;78.5882352941;68.4959764706;81.6997647059;83.8235294118;99.7647058824;98.1764705882;78.5882352941;84.5377176471;99.7647058824;78.5882352941;72.7734588235;69.8989058824;71.0876588235;83.8235294118;72.7647058824;69.1008;72.7647058824;98.1764705882;72.7647058824;80.4705882353;78.5882352941;80.4705882353;72.1738117647;83.8235294118;73.2517647059;83.8235294118;83.8235294118;83.2920705882
69.2415176471;78.5882352941;78.5882352941;78.5882352941;68.9250823529;78.5882352941;78.5882352941;72.7672470588;72.7647058824;83.8235294118;84.0897176471;124.882352941;83.6350705882;70.5247176471;78.5882352941;68.4470352941;84.5911176471;78.5882352941;72.8971294118;68.8258588235;72.7647058824;83.8235294118;72.7659294118;78.5882352941;72.7647058824;124.882352941;69.2763647059;70.4435176471;80.4705882353;78.5882352941;83.8235294118;68.3364823529;78.5882352941;83.8235294118;69.9394941176;68.7261647059;78.5882352941;68.5015882353;81.6969647059;83.8235294118;78.5882352941;124.882352941;78.5882352941;72.7672470588;78.5882352941;78.5882352941;72.7647058824;69.4159882353;71.1643176471;83.8235294118;72.7647058824;69.1607176471;72.9411764706;124.882352941;72.7647058824;80.4705882353;78.5882352941;80.4705882353;69.0961882353;83.8235294118;72.7647058824;83.8235294118;83.8235294118;72.7647058824
69.1952470588;78.5882352941;82.8235294118;78.5882352941;68.8293647059;82.8235294118;78.5882352941;72.7647058824;72.7647058824;83.8235294118;83.6119058824;107.588235294;83.8980588235;70.8165764706;78.5882352941;68.0594705882;84.1910941176;78.5882352941;72.7647058824;68.8258588235;72.7909647059;83.8235294118;72.7647058824;78.5882352941;72.7647058824;107.588235294;69.5777647059;70.9126823529;80.4705882353;78.5882352941;83.8235294118;68.2158117647;78.5882352941;83.8235294118;69.6337058824;68.8582352941;78.5882352941;68.4369529412;83.2920352941;83.8235294118;82.8235294118;107.588235294;78.5882352941;72.7672470588;82.8235294118;78.5882352941;72.7647058824;69.1687647059;70.7974;83.8235294118;72.7647058824;68.8447058824;72.7647058824;107.588235294;72.7647058824;80.4705882353;78.5882352941;80.4705882353;68.1924823529;83.8235294118;72.7647058824;83.8235294118;83.8235294118;72.8239647059
69.1551529412;78.5882352941;78.5882352941;78.5882352941;68.8293647059;78.5882352941;78.5882352941;72.7647058824;72.7647058824;83.8235294118;83.6573764706;104.470588235;84.1893176471;70.9873058824;78.5882352941;67.9287647059;83.4415411765;78.5882352941;72.7647058824;68.8258588235;73.0611764706;83.8235294118;72.7647058824;78.5882352941;72.8141176471;104.470588235;69.3089647059;70.9232823529;80.4705882353;78.5882352941;83.8235294118;68.3208117647;78.5882352941;83.8235294118;69.6337058824;68.0737764706;78.5882352941;68.4663294118;81.0403882353;83.8235294118;78.5882352941;104.470588235;78.5882352941;72.7647058824;78.5882352941;78.5882352941;72.7647058824;69.1687647059;70.3064823529;83.8235294118;72.7647058824;68.7253882353;72.8455647059;104.470588235;72.7647058824;80.4705882353;78.5882352941;80.4705882353;68.1737411765;83.8235294118;72.7647058824;83.8235294118;83.8235294118;77.7477764706
69.1952470588;92.4705882353;78.5882352941;78.5882352941;68.8293647059;78.5882352941;92.4705882353;72.7647058824;72.7647058824;83.8235294118;83.3559411765;97.7647058824;83.9293294118;72.3047529412;78.5882352941;67.8979647059;84.3132705882;78.5882352941;73.6470588235;68.8258588235;72.7647058824;83.8235294118;76.4599529412;78.5882352941;73.3954470588;97.7647058824;69.3523411765;70.3254941176;97.0588235294;78.5882352941;83.8235294118;68.2420705882;78.5882352941;83.8235294118;69.6337058824;68.3765529412;78.5882352941;68.4689764706;80.5678705882;83.8235294118;78.5882352941;105.0;78.5882352941;73.1427764706;78.5882352941;78.5882352941;72.7647058824;69.0654235294;71.7856235294;83.8235294118;72.7647058824;68.4599764706;73.0955882353;97.7647058824;72.7647058824;97.0588235294;92.4705882353;97.0588235294;68.1737411765;83.8235294118;72.7647058824;83.8235294118;83.8235294118;72.9976470588
69.1551529412;77.8823529412;78.5882352941;78.5882352941;68.8293647059;78.5882352941;77.8823529412;72.7647058824;72.7647058824;83.8235294118;77.3306470588;88.9411764706;75.3705411765;70.5845764706;78.5882352941;69.0250470588;74.7090705882;78.5882352941;72.7647058824;68.7367058824;73.2679647059;83.8235294118;72.7647058824;78.5882352941;72.8109764706;88.9411764706;69.3024588235;72.8419058824;77.1764705882;78.5882352941;83.8235294118;68.2779529412;78.5882352941;83.8235294118;69.6337058824;70.0487058824;78.5882352941;68.4758823529;77.3462941176;83.8235294118;78.5882352941;88.9411764706;78.5882352941;72.7647058824;78.5882352941;78.5882352941;72.7647058824;69.0654235294;72.6554235294;83.8235294118;72.7647058824;68.7440117647;72.7647058824;88.9411764706;72.7647058824;77.1764705882;77.8823529412;77.1764705882;68.1737411765;83.8235294118;72.7647058824;83.8235294118;83.8235294118;73.5796823529
69.1551529412;84.2352941176;78.5882352941;78.5882352941;68.8293647059;78.5882352941;84.2352941176;72.7647058824;72.7647058824;83.8235294118;75.5361882353;96.3529411765;75.1986352941;70.7207882353;78.5882352941;70.5228;75.5016941176;78.5882352941;73.1687529412;68.7367058824;72.7647058824;83.8235294118;72.7647058824;78.5882352941;72.8613764706;96.3529411765;69.3091411765;70.7629058824;91.0588235294;78.5882352941;83.8235294118;68.2263294118;78.5882352941;83.8235294118;69.6337058824;69.8265764706;78.5882352941;68.4588117647;92.8841764706;83.8235294118;78.5882352941;96.3529411765;78.5882352941;73.9247058824;78.5882352941;78.5882352941;72.7647058824;69.0654235294;71.9639529412;83.8235294118;72.7647058824;70.2191294118;73.5262117647;96.3529411765;72.7647058824;91.0588235294;84.2352941176;91.0588235294;68.1737411765;83.8235294118;72.7647058824;83.8235294118;83.8235294118;73.9757764706
69.1416117647;72.7647058824;78.5882352941;78.5882352941;83.2991647059;78.5882352941;72.7647058824;84.2771647059;83.6359764706;96.3529411765;71.4522941176;86.8235294118;71.5540352941;70.3868823529;78.5882352941;72.8896823529;72.0005176471;96.3529411765;72.7647058824;68.7367058824;72.7647058824;96.3529411765;73.1776;78.5882352941;72.9058470588;86.8235294118;69.3125882353;78.3474705882;86.8235294118;96.3529411765;83.8235294118;68.2257176471;78.5882352941;83.8235294118;69.6337058824;72.8246705882;78.5882352941;83.9158823529;79.9198588235;83.8235294118;78.5882352941;86.8235294118;78.5882352941;72.7647058824;78.5882352941;96.3529411765;72.7647058824;69.0124352941;86.5705647059;83.8235294118;72.7647058824;80.2692117647;83.2565764706;86.8235294118;72.7647058824;86.8235294118;80.1764705882;86.8235294118;83.7944117647;96.3529411765;72.7647058824;83.8235294118;83.8235294118;72.7647058824
69.1233529412;72.7647058824;96.3529411765;78.5882352941;83.0465176471;96.3529411765;72.7647058824;83.5282470588;84.8181294118;101.470588235;85.1435176471;96.3529411765;85.0398705882;75.3915411765;78.5882352941;73.8898941176;85.2323411765;98.1764705882;84.3420588235;68.7367058824;73.0479058824;101.470588235;83.6337294118;78.5882352941;73.3209058824;96.3529411765;69.2812941176;81.1750588235;91.0588235294;98.1764705882;83.8235294118;68.2170352941;78.5882352941;83.8235294118;69.6337058824;73.9922470588;78.5882352941;84.6672705882;88.0273529412;83.8235294118;96.3529411765;103.411764706;78.5882352941;84.0944;96.3529411765;98.1764705882;72.7686588235;69.0124352941;75.6438941176;83.8235294118;72.7647058824;81.5271764706;84.4265294118;96.3529411765;72.9519058824;101.176470588;98.1764705882;91.0588235294;82.6086470588;101.470588235;72.7647058824;83.8235294118;83.8235294118;83.8755058824
68.9827647059;80.1764705882;98.1764705882;78.5882352941;83.9048235294;98.1764705882;80.1764705882;84.5963882353;84.2643411765;92.4117647059;85.2591294118;98.1176470588;85.6601294118;74.1079764706;78.5882352941;76.4728941176;85.0952235294;100.176470588;84.2512705882;68.7367058824;73.8609058824;92.4117647059;84.1029411765;78.5882352941;72.9799647059;98.1176470588;69.2869882353;81.8657411765;86.1176470588;100.176470588;83.8235294118;68.2262235294;78.5882352941;83.8235294118;69.6337058824;74.6603882353;78.5882352941;83.6312;86.2150235294;83.8235294118;98.1764705882;98.1764705882;78.5882352941;84.6303176471;98.1764705882;100.176470588;72.7647058824;69.0602470588;81.2316588235;83.8235294118;72.7647058824;81.1350470588;83.7483764706;111.0;72.7647058824;109.117647059;96.6470588235;86.1176470588;83.6608705882;92.4117647059;72.7647058824;83.8235294118;83.8235294118;84.2913058824
68.8264235294;88.2941176471;100.176470588;78.5882352941;84.6468235294;100.176470588;88.2941176471;83.9893764706;83.6553411765;98.1764705882;85.0256705882;92.4117647059;84.8926823529;73.6703647059;78.5882352941;76.1830823529;85.3932235294;99.7647058824;84.6191529412;68.7367058824;72.7647058824;98.1764705882;84.2552823529;78.5882352941;72.7963294118;92.4117647059;68.9502705882;78.6556235294;87.2352941176;99.7647058824;83.8235294118;68.2193882353;78.5882352941;83.8235294118;69.6337058824;79.5862352941;78.5882352941;85.0537764706;82.3970470588;83.8235294118;100.176470588;95.5882352941;78.5882352941;84.0109294118;100.176470588;99.7647058824;72.7647058824;69.0602470588;76.3432235294;83.8235294118;72.7647058824;80.2518941176;84.4099294118;92.2352941176;72.8573176471;107.529411765;107.529411765;87.2352941176;82.9356705882;98.1764705882;72.7647058824;83.8235294118;83.8235294118;84.1908705882
68.6568235294;80.0588235294;99.7647058824;78.5882352941;84.2807176471;99.7647058824;80.0588235294;72.7701647059;72.7647058824;124.882352941;84.6575647059;107.529411765;84.6413294118;73.8737176471;78.5882352941;79.0533882353;82.8010705882;78.5882352941;84.0353764706;68.7346352941;72.7647058824;124.882352941;84.3294588235;78.5882352941;72.7647058824;107.529411765;68.9610941176;75.9681529412;92.3529411765;78.5882352941;83.8235294118;68.2160117647;78.5882352941;83.8235294118;69.6337058824;77.5602352941;78.5882352941;84.8387882353;81.4328;83.8235294118;99.7647058824;98.1764705882;78.5882352941;84.5377176471;99.7647058824;78.5882352941;72.7647058824;69.0499058824;72.6761529412;83.8235294118;72.7883882353;78.779;72.8019764706;107.529411765;72.7647058824;121.529411765;78.5882352941;92.3529411765;82.2939647059;124.882352941;72.7647058824;83.8235294118;83.8235294118;83.3082705882
68.6739529412;79.1176470588;78.5882352941;78.5882352941;84.2380117647;78.5882352941;79.1176470588;72.7701647059;72.7647058824;107.588235294;83.7604941176;124.882352941;83.1806117647;74.7404705882;78.5882352941;78.4245529412;84.4256117647;82.8235294118;72.7647058824;68.7530823529;72.7647058824;107.588235294;72.7647058824;78.5882352941;72.7647058824;124.882352941;68.9340470588;73.0108588235;106.352941176;82.8235294118;83.8235294118;68.2166235294;78.5882352941;83.8235294118;69.6337058824;80.4251058824;78.5882352941;84.0565176471;81.9794470588;83.8235294118;78.5882352941;124.882352941;78.5882352941;72.7647058824;78.5882352941;82.8235294118;72.7647058824;68.8465529412;71.7716941176;83.8235294118;73.0400941176;80.1495882353;72.7647058824;124.882352941;72.7647058824;115.588235294;78.5882352941;106.352941176;82.5316823529;107.588235294;72.7647058824;83.8235294118;83.8235294118;72.7647058824
68.6789411765;90.4117647059;82.8235294118;78.5882352941;83.0317647059;82.8235294118;90.4117647059;72.7701647059;72.7647058824;104.470588235;82.9772;107.588235294;83.5020117647;74.3818588235;78.5882352941;80.0234352941;84.0182352941;78.5882352941;72.7647058824;68.7367058824;72.8584470588;104.470588235;72.7647058824;78.5882352941;72.7647058824;107.588235294;68.9300470588;73.9493176471;98.5882352941;78.5882352941;87.0;68.2348352941;78.5882352941;83.8235294118;69.6337058824;78.3058588235;78.5882352941;85.2022941176;83.1622823529;83.8235294118;82.8235294118;107.588235294;78.5882352941;72.7647058824;82.8235294118;78.5882352941;72.7647058824;68.6727882353;75.5660705882;83.8235294118;72.7647058824;80.3252588235;72.7579294118;107.588235294;72.7647058824;126.705882353;78.5882352941;98.5882352941;83.4493882353;104.470588235;72.7647058824;83.8235294118;87.0;72.8239647059
68.6842117647;83.7058823529;78.5882352941;78.5882352941;82.6818117647;78.5882352941;83.7058823529;72.7771294118;72.9654588235;92.6470588235;82.8518705882;104.470588235;83.7111294118;72.6512117647;78.5882352941;76.4346352941;83.3863647059;78.5882352941;72.7647058824;68.7367058824;73.2286117647;92.6470588235;72.7647058824;78.5882352941;72.7647058824;104.470588235;69.0117411765;70.3027176471;92.2941176471;78.5882352941;83.8235294118;68.2158117647;78.5882352941;83.8235294118;69.6337058824;78.0596;78.5882352941;84.4934235294;80.8805176471;83.8235294118;78.5882352941;104.470588235;78.5882352941;72.7647058824;78.5882352941;78.5882352941;73.4379294118;68.6611882353;72.4634941176;83.8235294118;72.7647058824;78.5586235294;76.2517647059;104.470588235;73.0159647059;72.7647058824;72.7647058824;92.2941176471;83.1864941176;92.6470588235;72.9857882353;83.8235294118;83.8235294118;78.7484352941
68.5408823529;80.5294117647;78.5882352941;78.5882352941;69.7490705882;78.5882352941;80.5294117647;72.8821647059;72.7647058824;88.9411764706;83.0093411765;105.0;83.3709529412;73.9824705882;78.5882352941;75.8829764706;84.2147058824;78.5882352941;73.6470588235;68.7367058824;72.7647058824;88.9411764706;76.4599529412;78.5882352941;72.7647058824;105.0;68.9383294118;69.8706;99.1176470588;78.5882352941;83.8235294118;68.2158117647;78.5882352941;83.8235294118;69.6337058824;75.5105411765;78.5882352941;70.3283529412;80.6709882353;83.8235294118;78.5882352941;105.0;78.5882352941;73.1427764706;78.5882352941;78.5882352941;72.7647058824;68.3758235294;70.9216588235;83.8235294118;72.7647058824;71.7193764706;72.7647058824;97.7647058824;72.7647058824;77.8823529412;72.7647058824;99.1176470588;69.1176470588;88.9411764706;72.7647058824;83.8235294118;83.8235294118;72.9976470588
68.2335411765;72.7647058824;78.5882352941;78.5882352941;72.9345294118;78.5882352941;72.7647058824;72.7856;73.2326588235;96.3529411765;77.4203882353;88.9411764706;77.4392705882;72.9912588235;78.5882352941;73.7663058824;79.3048235294;78.5882352941;72.7647058824;68.7367058824;72.7647058824;96.3529411765;72.7647058824;78.5882352941;72.7717647059;88.9411764706;68.9405764706;69.9630117647;90.7647058824;78.5882352941;83.8235294118;68.2262235294;78.5882352941;83.8235294118;69.6337058824;76.1933529412;78.5882352941;75.4385882353;76.9244588235;83.8235294118;78.5882352941;88.9411764706;78.5882352941;72.7647058824;78.5882352941;78.5882352941;72.7647058824;68.3688588235;72.3710235294;83.8235294118;72.7647058824;85.2314823529;72.7647058824;86.5882352941;72.7647058824;91.6470588235;72.7647058824;90.7647058824;75.4643764706;96.3529411765;72.7647058824;83.8235294118;83.8235294118;73.5796823529
84.2388823529;72.7647058824;78.5882352941;96.3529411765;70.7808705882;78.5882352941;72.7647058824;73.8661647059;72.7647058824;86.8235294118;75.5412705882;96.3529411765;75.2823176471;70.8870352941;78.5882352941;71.7149058824;75.4330941176;78.5882352941;73.1687529412;68.7301176471;72.7647058824;86.8235294118;72.7647058824;78.5882352941;83.3797058824;96.3529411765;83.5331647059;70.6297882353;90.2352941176;78.5882352941;83.8235294118;68.2201529412;96.3529411765;96.3529411765;85.3647294118;76.6499529412;96.3529411765;71.8979529412;92.9303529412;83.8235294118;78.5882352941;96.3529411765;78.5882352941;73.9247058824;78.5882352941;78.5882352941;72.9155882353;68.3688588235;72.2036470588;96.3529411765;72.7647058824;78.8709294118;72.7647058824;96.8235294118;83.9711294118;78.5882352941;72.7647058824;90.2352941176;71.3946823529;86.8235294118;83.5306823529;83.8235294118;96.3529411765;73.9757764706
84.8167176471;79.8235294118;78.5882352941;98.1764705882;76.1569647059;78.5882352941;79.8235294118;72.7647058824;72.7904;83.8235294118;71.4392117647;86.8235294118;71.3744941176;73.6176117647;78.5882352941;78.3278235294;71.8660352941;78.5882352941;72.7647058824;68.7346352941;73.1427764706;83.8235294118;73.1776;78.5882352941;85.2916235294;86.8235294118;82.5916823529;69.8300588235;107.294117647;78.5882352941;83.8235294118;68.2166235294;98.1764705882;101.470588235;85.7091647059;72.2384823529;98.1764705882;72.0902352941;80.3640941176;83.8235294118;78.5882352941;86.8235294118;78.5882352941;72.7647058824;78.5882352941;78.5882352941;72.7647058824;68.3723058824;70.9640588235;101.470588235;72.8273882353;73.1771294118;73.1094588235;87.2941176471;84.0337529412;72.7647058824;79.8235294118;107.294117647;69.3040352941;83.8235294118;84.7056352941;83.8235294118;101.470588235;72.7647058824
83.4013176471;72.7647058824;96.3529411765;100.176470588;72.6016470588;96.3529411765;72.7647058824;72.7647058824;72.8635294118;83.8235294118;85.3709294118;96.3529411765;84.7127411765;70.6151529412;78.5882352941;75.3078352941;85.5559764706;78.5882352941;84.3420588235;68.7367058824;72.7647058824;83.8235294118;83.6337294118;78.5882352941;84.0784941176;96.3529411765;83.2618823529;70.7907647059;95.0;78.5882352941;83.8235294118;68.2158117647;100.176470588;92.4117647059;85.1191764706;72.3131058824;100.176470588;68.2429764706;88.3091529412;83.8235294118;96.3529411765;103.411764706;78.5882352941;84.0944;96.3529411765;78.5882352941;72.7647058824;68.301;70.0253764706;92.4117647059;72.7647058824;70.0046352941;72.7647058824;96.3529411765;84.2683529412;72.7647058824;72.7647058824;95.0;71.9300352941;83.8235294118;83.8702;83.8235294118;92.4117647059;83.8687294118
82.0772235294;72.7647058824;98.1764705882;99.7647058824;70.9269529412;98.1764705882;72.7647058824;72.9296;72.7647058824;83.8235294118;85.0887294118;98.1176470588;85.2693529412;70.1569882353;78.5882352941;70.3527647059;85.1992588235;78.5882352941;84.2512705882;68.7367058824;72.7647058824;83.8235294118;84.1029411765;78.5882352941;82.7447176471;98.1176470588;83.1744470588;69.9104941176;85.6470588235;78.5882352941;83.8235294118;68.2175176471;99.7647058824;98.1764705882;85.5621764706;71.6353529412;99.7647058824;68.2450588235;86.5091176471;83.8235294118;98.1764705882;98.1764705882;78.5882352941;84.6303176471;98.1764705882;78.5882352941;72.7963294118;68.3557764706;71.2801529412;98.1764705882;72.7647058824;69.0879529412;72.7647058824;111.0;84.0208823529;72.7647058824;72.7647058824;85.6470588235;72.0558235294;83.8235294118;84.3467764706;83.8235294118;98.1764705882;84.2913058824
84.3164941176;72.7647058824;100.176470588;78.5882352941;69.6763176471;100.176470588;72.7647058824;72.7647058824;73.1955764706;83.8235294118;84.8374705882;92.2352941176;84.4314117647;70.2119529412;78.5882352941;70.3231882353;84.9738;78.5882352941;84.6191529412;68.6767647059;72.8982588235;83.8235294118;84.2552823529;78.5882352941;72.7579294118;92.2352941176;82.5799529412;69.4826235294;95.8823529412;78.5882352941;83.8235294118;68.2158117647;78.5882352941;124.882352941;84.6621411765;70.1390705882;78.5882352941;68.2450588235;82.4298;83.8235294118;100.176470588;95.5882352941;78.5882352941;84.0109294118;100.176470588;78.5882352941;73.0679176471;68.3247058824;70.9572117647;124.882352941;72.7647058824;69.1763294118;72.7647058824;92.2352941176;72.7616;72.7647058824;72.7647058824;95.8823529412;72.5667529412;83.8235294118;72.7647058824;83.8235294118;124.882352941;84.1908705882
82.4838352941;72.7647058824;99.7647058824;82.8235294118;68.8843176471;99.7647058824;72.7647058824;72.7672470588;72.7647058824;83.8235294118;84.4450941176;107.529411765;84.5657294118;71.1635176471;78.5882352941;69.2464823529;82.4685764706;78.5882352941;84.0353764706;68.6637764706;73.9790117647;83.8235294118;84.3294588235;78.5882352941;72.7579294118;107.529411765;83.2896588235;69.8383764706;80.5294117647;78.5882352941;74.6470588235;68.2158117647;82.8235294118;107.588235294;84.9565764706;69.6728588235;82.8235294118;68.2433294118;81.2946;83.8235294118;99.7647058824;98.1764705882;78.5882352941;84.5377176471;99.7647058824;78.5882352941;72.7647058824;68.3031411765;70.7009294118;107.588235294;72.7647058824;69.4478705882;72.9720470588;107.529411765;72.7616;72.7647058824;72.7647058824;80.5294117647;69.2885647059;83.8235294118;72.7647058824;83.8235294118;107.588235294;83.3082705882
83.1901882353;72.7647058824;78.5882352941;78.5882352941;68.7886;78.5882352941;72.7647058824;72.7647058824;72.7647058824;83.8235294118;83.7510352941;124.882352941;83.2545176471;70.2107529412;78.5882352941;69.6272470588;84.4670470588;78.5882352941;72.7647058824;68.6646235294;72.8101647059;83.8235294118;72.7647058824;78.5882352941;72.7579294118;124.882352941;83.3527882353;72.9446;86.8823529412;78.5882352941;74.6470588235;68.2158117647;78.5882352941;104.470588235;84.3447882353;71.4351411765;78.5882352941;68.2419411765;81.4841647059;83.8235294118;78.5882352941;124.882352941;78.5882352941;72.7647058824;78.5882352941;78.5882352941;72.7647058824;68.3443882353;70.6835882353;104.470588235;72.7647058824;68.8591647059;72.7647058824;124.882352941;72.7616;93.2352941176;72.7647058824;80.5294117647;68.1603882353;83.8235294118;72.7647058824;83.8235294118;104.470588235;72.7647058824
84.1111882353;72.7647058824;82.8235294118;78.5882352941;68.7886;82.8235294118;72.7647058824;72.7647058824;72.7647058824;83.8235294118;82.7552823529;107.588235294;83.5723176471;69.9837882353;78.5882352941;70.1442352941;84.1352235294;78.5882352941;72.7647058824;68.6670588235;72.7647058824;83.8235294118;72.7647058824;78.5882352941;74.8823529412;107.588235294;82.3251058824;70.6805529412;80.5294117647;78.5882352941;74.6470588235;68.2158117647;78.5882352941;92.6470588235;84.7754588235;70.9187058824;78.5882352941;68.2713176471;82.9307176471;83.8235294118;82.8235294118;107.588235294;78.5882352941;72.7647058824;82.8235294118;78.5882352941;72.9477764706;68.3458;70.0258823529;92.6470588235;72.7647058824;68.9649647059;72.8455647059;107.588235294;73.7296;79.8235294118;80.1764705882;86.8823529412;68.1408;83.8235294118;73.0776470588;83.8235294118;106.411764706;72.8239647059
75.7784823529;72.7647058824;78.5882352941;78.5882352941;68.7886;78.5882352941;86.5294117647;72.7647058824;72.7647058824;83.8235294118;82.7457176471;104.470588235;83.7773882353;75.1186705882;78.5882352941;71.6111294118;83.4452823529;78.5882352941;72.7647058824;68.6670588235;70.4404352941;83.8235294118;72.7647058824;78.5882352941;72.7579294118;104.470588235;70.8227529412;69.7988705882;80.5294117647;78.5882352941;74.6470588235;68.2158117647;78.5882352941;88.9411764706;70.3995647059;71.8828941176;78.5882352941;68.2739647059;80.0887882353;83.8235294118;78.5882352941;104.470588235;78.5882352941;72.7647058824;78.5882352941;78.5882352941;72.7576470588;68.3441058824;74.3410823529;88.9411764706;72.7647058824;69.8192941176;73.0955882353;104.470588235;72.7647058824;86.5294117647;79.5882352941;80.5294117647;68.1408;83.8235294118;72.7647058824;83.8235294118;88.9411764706;78.7484352941
73.8568470588;86.5294117647;78.5882352941;78.5882352941;68.7886;78.5882352941;77.8823529412;72.7647058824;72.7647058824;83.8235294118;83.0981058824;105.0;83.5873764706;75.8184941176;78.5882352941;72.4504352941;84.3197647059;78.5882352941;73.6470588235;68.6670588235;70.0790235294;83.8235294118;76.4599529412;78.5882352941;72.7647058824;105.0;76.4664235294;71.0182235294;87.3529411765;78.5882352941;74.6470588235;68.2158117647;78.5882352941;96.3529411765;71.8847764706;72.5119882353;78.5882352941;68.2808705882;79.8321411765;83.8235294118;78.5882352941;105.0;78.5882352941;73.1427764706;78.5882352941;78.5882352941;72.7647058824;71.9399764706;70.5298;96.3529411765;72.7647058824;71.1100823529;72.7647058824;97.7647058824;72.9411764706;76.0588235294;79.1176470588;80.5294117647;68.1408;83.8235294118;72.7647058824;83.8235294118;96.3529411765;72.9976470588
68.6369058824;84.7058823529;78.5882352941;78.5882352941;68.7886;78.5882352941;79.5882352941;72.7647058824;72.7647058824;83.8235294118;77.6757882353;88.9411764706;77.5339529412;72.2239058824;78.5882352941;73.1444;80.8848588235;78.5882352941;72.7647058824;68.7196823529;69.8658823529;83.8235294118;72.7647058824;78.5882352941;72.8773647059;88.9411764706;71.4166117647;74.2081882353;89.8235294118;78.5882352941;74.6470588235;68.2717176471;78.5882352941;86.8235294118;69.8622352941;72.3879529412;78.5882352941;68.2638;77.2779647059;83.8235294118;78.5882352941;88.9411764706;78.5882352941;72.7647058824;78.5882352941;78.5882352941;73.0611764706;68.2754941176;75.3709058824;86.8235294118;72.7647058824;72.7675176471;73.5262117647;86.5882352941;72.7647058824;84.7058823529;72.7647058824;87.3529411765;68.1408;83.8235294118;74.24;83.8235294118;86.8235294118;73.5796823529
72.1747411765;80.5294117647;78.5882352941;78.5882352941;83.2937647059;78.5882352941;80.5294117647;84.2771647059;83.6359764706;96.3529411765;75.7639529412;96.3529411765;75.2914352941;71.8209764706;78.5882352941;73.2337058824;75.2594352941;96.3529411765;73.1687529412;68.7229647059;69.8658823529;96.3529411765;72.7647058824;78.5882352941;72.7647058824;96.3529411765;71.7851647059;82.5945176471;104.411764706;96.3529411765;74.6470588235;68.2447176471;78.5882352941;83.8235294118;77.7868352941;71.6476823529;78.5882352941;83.4244941176;92.8974352941;83.8235294118;78.5882352941;96.3529411765;78.5882352941;73.9247058824;78.5882352941;96.3529411765;72.7647058824;68.3378941176;78.9407411765;83.8235294118;72.7647058824;81.2257294118;83.2565764706;96.8235294118;72.7647058824;88.2352941176;72.7647058824;89.8235294118;83.5420941176;96.3529411765;72.7647058824;83.8235294118;83.8235294118;73.9757764706
72.3786;78.5882352941;78.5882352941;78.5882352941;83.0239529412;78.5882352941;91.5294117647;83.5282470588;84.8181294118;101.470588235;71.4392117647;86.8235294118;71.4296117647;73.1222705882;78.5882352941;76.9352;71.4445176471;98.1764705882;72.7647058824;68.6688588235;71.1556705882;101.470588235;73.1776;78.5882352941;73.3851294118;86.8235294118;68.9540823529;81.9210941176;80.5294117647;98.1764705882;74.6470588235;68.2369882353;78.5882352941;83.8235294118;69.7804823529;73.7130941176;78.5882352941;83.6313176471;82.3774941176;83.8235294118;78.5882352941;86.8235294118;78.5882352941;72.7647058824;78.5882352941;98.1764705882;72.7583058824;68.3378941176;74.0764823529;83.8235294118;72.7647058824;84.5444;84.4265294118;87.2941176471;74.5011764706;83.1176470588;98.1764705882;104.411764706;82.5374941176;101.470588235;72.7647058824;83.8235294118;83.8235294118;72.7647058824
69.0961764706;80.0588235294;96.3529411765;78.5882352941;83.9102823529;96.3529411765;79.1176470588;84.5609058824;84.2643411765;92.4117647059;85.6029176471;96.3529411765;84.7963411765;79.6660823529;78.5882352941;74.3215882353;85.4134823529;100.176470588;84.3420588235;68.6670588235;69.9517176471;92.4117647059;83.6337294118;78.5882352941;72.7647058824;96.3529411765;68.9319176471;80.0516;80.5294117647;100.176470588;74.6470588235;68.2464117647;78.5882352941;83.8235294118;78.5280470588;76.1876117647;78.5882352941;83.3197176471;89.6158470588;83.8235294118;96.3529411765;103.411764706;78.5882352941;84.0944;96.3529411765;100.176470588;72.8235294118;68.3529529412;74.0722470588;83.8235294118;72.7647058824;83.1764823529;83.7668235294;96.3529411765;72.7647058824;105.823529412;96.6470588235;80.5294117647;83.7811529412;92.4117647059;72.7647058824;83.8235294118;83.8235294118;83.8687294118
69.0568823529;83.1176470588;98.1764705882;78.5882352941;84.6723882353;98.1764705882;80.5294117647;83.9498;83.6553411765;98.1764705882;85.4097882353;98.1176470588;85.2919294118;80.7702941176;78.5882352941;72.0750352941;85.2135764706;99.7647058824;84.2512705882;68.4403294118;69.8591058824;98.1764705882;84.1029411765;78.5882352941;72.7647058824;98.1176470588;69.0477882353;76.8933647059;95.0;99.7647058824;74.6470588235;68.2166235294;78.5882352941;83.8235294118;74.7232588235;73.5160941176;78.5882352941;83.8126117647;86.8029294118;83.8235294118;98.1764705882;98.1764705882;78.5882352941;84.6303176471;98.1764705882;99.7647058824;72.7647058824;68.2575764706;71.5023647059;83.8235294118;72.7647058824;83.9190235294;84.4298823529;111.0;72.7647058824;90.4117647059;107.529411765;95.0;82.8617882353;98.1764705882;73.2517647059;83.8235294118;83.8235294118;84.2913058824
68.5286705882;72.7647058824;100.176470588;78.5882352941;84.3051294118;100.176470588;72.7647058824;72.7647058824;72.7647058824;124.882352941;85.0222705882;92.2352941176;84.4563882353;74.9040470588;78.5882352941;72.3769058824;85.0318941176;78.5882352941;84.6191529412;68.4403294118;69.9517176471;124.882352941;84.2552823529;78.5882352941;72.7647058824;92.2352941176;68.8904588235;73.3840352941;89.5294117647;78.5882352941;77.9411764706;68.2342352941;78.5882352941;83.8235294118;69.5121294118;74.4844352941;78.5882352941;83.8305411765;82.6687294118;83.8235294118;100.176470588;95.5882352941;78.5882352941;84.0109294118;100.176470588;78.5882352941;72.7647058824;68.1199764706;72.2262352941;83.8235294118;72.7647058824;77.3372117647;72.8019764706;92.2352941176;72.7647058824;121.529411765;78.5882352941;89.5294117647;82.3007882353;124.882352941;72.7647058824;83.8235294118;83.8235294118;84.1908705882
68.5538588235;72.7647058824;99.7647058824;78.5882352941;84.2414;99.7647058824;72.7647058824;72.7647058824;72.7647058824;107.588235294;84.6685411765;107.529411765;84.6314470588;71.9172588235;78.5882352941;73.9776235294;82.6120823529;82.8235294118;84.0353764706;68.4866;69.8658823529;107.588235294;84.3294588235;78.5882352941;72.7647058824;107.529411765;69.2458823529;70.9867529412;87.0588235294;82.8235294118;74.6470588235;68.2158117647;78.5882352941;83.8235294118;69.2592352941;74.6413176471;78.5882352941;83.3801058824;81.0848117647;83.8235294118;99.7647058824;98.1764705882;78.5882352941;84.5377176471;99.7647058824;82.8235294118;72.7647058824;68.8332941176;74.6973058824;83.8235294118;72.7647058824;79.6093176471;72.7647058824;107.529411765;72.7647058824;115.588235294;72.7647058824;87.0588235294;82.3900705882;107.588235294;72.7647058824;83.8235294118;83.8235294118;83.3082705882
68.4683294118;72.7647058824;78.5882352941;78.5882352941;83.0400352941;78.5882352941;72.7647058824;72.7647058824;72.7647058824;104.470588235;83.9307529412;124.882352941;83.2450823529;70.5928;78.5882352941;76.6685529412;84.4866470588;78.5882352941;72.7647058824;68.4995882353;69.8658823529;104.470588235;72.7647058824;78.5882352941;72.8141176471;124.882352941;68.9251764706;70.0191411765;80.5294117647;78.5882352941;74.6470588235;68.2162823529;78.5882352941;83.8235294118;69.2741058824;76.0243647059;78.5882352941;84.2298352941;81.8722588235;83.8235294118;78.5882352941;124.882352941;82.8235294118;72.7647058824;78.5882352941;78.5882352941;72.7647058824;68.8224823529;72.0397647059;83.8235294118;72.7647058824;75.1012588235;72.7647058824;124.882352941;72.7647058824;126.705882353;72.7647058824;80.5294117647;83.5316588235;104.470588235;72.7647058824;83.8235294118;83.8235294118;72.7647058824
68.6381294118;72.7647058824;82.8235294118;78.5882352941;82.6896941176;82.8235294118;79.8235294118;72.7771294118;72.9654588235;92.6470588235;83.0341411765;107.588235294;83.5616;73.4137647059;78.5882352941;76.8082470588;84.1689294118;78.5882352941;72.7647058824;68.4521882353;69.8658823529;92.6470588235;72.7647058824;78.5882352941;73.3954470588;107.588235294;68.9694705882;69.8719411765;89.2352941176;78.5882352941;74.6470588235;68.2209882353;78.5882352941;83.8235294118;69.2592352941;76.4154;78.5882352941;83.58;82.4365176471;83.8235294118;82.8235294118;107.588235294;78.5882352941;72.7647058824;82.8235294118;78.5882352941;72.7647058824;68.1113647059;73.0189294118;83.8235294118;72.7647058824;74.1594588235;76.2517647059;107.588235294;72.7647058824;72.7647058824;72.7647058824;93.4705882353;83.1322235294;92.6470588235;72.7647058824;83.8235294118;83.8235294118;72.8239647059
68.4854235294;79.8235294118;78.5882352941;78.5882352941;69.7975882353;78.5882352941;72.7647058824;72.8821647059;72.7647058824;88.9411764706;83.0648117647;104.470588235;83.7720117647;70.2600941176;78.5882352941;75.6097176471;83.4665647059;78.5882352941;72.7647058824;68.4403294118;69.8658823529;88.9411764706;72.7647058824;78.5882352941;72.8109764706;104.470588235;68.9169058824;69.8367882353;120.352941176;78.5882352941;72.7647058824;68.2158117647;78.5882352941;83.8235294118;69.2657294118;75.6450588235;78.5882352941;70.9068;80.0602470588;83.8235294118;78.5882352941;104.470588235;78.5882352941;72.7647058824;78.5882352941;78.5882352941;72.7576470588;68.4721529412;70.5829647059;83.8235294118;72.7647058824;69.5356352941;72.7647058824;104.470588235;72.7647058824;72.7647058824;79.8235294118;107.117647059;69.1066941176;88.9411764706;72.7647058824;83.8235294118;83.8235294118;78.7484352941
68.4948352941;90.4117647059;78.5882352941;78.5882352941;74.3702470588;78.5882352941;101.352941176;72.7856;73.2326588235;96.3529411765;83.8378588235;105.0;83.5934941176;69.5918941176;96.3529411765;73.7442235294;84.3777882353;78.5882352941;73.6470588235;83.3059294118;83.1642117647;96.3529411765;76.4599529412;96.3529411765;72.8613764706;105.0;68.9237294118;70.4722705882;83.4705882353;78.5882352941;96.3529411765;83.7201764706;78.5882352941;83.8235294118;69.2592352941;76.1378588235;78.5882352941;75.4385882353;79.6793411765;96.3529411765;78.5882352941;105.0;96.3529411765;73.1427764706;78.5882352941;78.5882352941;84.1746352941;83.3399176471;71.1392;83.8235294118;83.8481411765;91.5017411765;72.7647058824;97.7647058824;72.7647058824;91.6470588235;72.7647058824;92.3529411765;75.7235764706;96.3529411765;72.7647058824;96.3529411765;83.8235294118;72.9976470588
68.5303058824;83.7058823529;78.5882352941;78.5882352941;71.3079294118;78.5882352941;72.7647058824;73.8661647059;72.7647058824;86.8235294118;78.3102117647;88.9411764706;77.9104117647;74.9372117647;98.1764705882;72.1207411765;80.9139764706;78.5882352941;72.7647058824;84.6914941176;85.6167058824;86.8235294118;72.7647058824;98.1764705882;72.9058470588;88.9411764706;68.9272470588;70.1677529412;74.6470588235;78.5882352941;98.1764705882;84.0907058824;78.5882352941;83.8235294118;69.2592352941;74.2610705882;78.5882352941;71.9194470588;76.2460588235;101.470588235;78.5882352941;88.9411764706;98.1764705882;72.7647058824;78.5882352941;78.5882352941;84.0328235294;83.3728941176;71.5072352941;83.8235294118;83.7924705882;80.978;72.7647058824;86.5882352941;72.7647058824;80.1764705882;72.7647058824;108.058823529;71.6152470588;86.8235294118;72.7647058824;101.470588235;83.8235294118;73.5796823529
68.6575764706;80.5294117647;78.5882352941;78.5882352941;76.1569647059;78.5882352941;72.7647058824;72.7647058824;72.7904;83.8235294118;75.7639529412;96.3529411765;75.4296117647;71.5605764706;100.176470588;75.9654705882;75.2656941176;78.5882352941;73.1687529412;83.7457882353;83.8096941176;83.8235294118;72.7647058824;100.176470588;73.3209058824;96.3529411765;68.8952470588;70.0408470588;79.1176470588;78.5882352941;100.176470588;83.2920117647;78.5882352941;83.8235294118;69.2592352941;71.2730941176;78.5882352941;72.1738117647;92.8757764706;92.4117647059;78.5882352941;96.3529411765;100.176470588;73.9247058824;78.5882352941;78.5882352941;83.1839176471;82.6744470588;71.4886470588;83.8235294118;83.8918823529;71.1245882353;73.1094588235;96.8235294118;72.9519058824;72.7647058824;72.7647058824;90.3529411765;69.2063882353;83.8235294118;72.7647058824;92.4117647059;83.8235294118;73.9757764706
68.6376;89.5294117647;78.5882352941;78.5882352941;72.6016470588;78.5882352941;72.7647058824;72.7647058824;72.8635294118;83.8235294118;71.4392117647;86.8235294118;71.4296117647;69.7123647059;99.7647058824;72.7805411765;71.4445176471;78.5882352941;72.7647058824;82.0885411765;84.6261647059;83.8235294118;73.1776;99.7647058824;72.9799647059;86.8235294118;69.2207058824;71.5286588235;92.2941176471;78.5882352941;98.1764705882;82.9798588235;78.5882352941;83.8235294118;69.2592352941;69.6715764706;78.5882352941;68.2424235294;83.6306705882;98.1764705882;78.5882352941;86.8235294118;99.7647058824;72.7647058824;78.5882352941;78.5882352941;84.4647764706;82.7893529412;70.8467294118;83.8235294118;84.8421411765;70.2791882353;72.7647058824;87.2941176471;72.7647058824;72.7647058824;72.7647058824;90.4117647059;72.1126588235;83.8235294118;72.7647058824;98.1764705882;83.8235294118;72.7647058824
68.6164588235;72.7647058824;96.3529411765;78.5882352941;70.9269529412;96.3529411765;80.5294117647;72.9296;72.7647058824;83.8235294118;85.6272352941;96.3529411765;84.7887529412;70.8119411765;78.5882352941;70.6511882353;85.4092117647;78.5882352941;84.3420588235;83.9264941176;69.8591058824;83.8235294118;83.6337294118;78.5882352941;72.7963294118;96.3529411765;68.8870235294;71.2361647059;87.1176470588;78.5882352941;124.882352941;83.5488235294;78.5882352941;83.8235294118;69.2592352941;71.2693058824;78.5882352941;68.2450588235;89.6619294118;124.882352941;96.3529411765;103.411764706;78.5882352941;84.0944;96.3529411765;78.5882352941;72.7647058824;83.6588470588;73.5217176471;83.8235294118;72.7647058824;69.7640705882;72.7647058824;96.3529411765;72.8573176471;76.0588235294;80.1764705882;94.8823529412;72.0616117647;83.8235294118;72.7647058824;124.882352941;83.8235294118;83.8687294118
68.4829647059;72.7647058824;98.1764705882;78.5882352941;69.6833647059;98.1764705882;89.5294117647;72.7647058824;73.1955764706;83.8235294118;85.3551529412;98.1176470588;85.3024;72.7778352941;82.8235294118;70.5898588235;85.2135764706;78.5882352941;84.2512705882;83.5152470588;69.8591058824;83.8235294118;84.1029411765;82.8235294118;72.7647058824;98.1176470588;68.8981294118;72.3090941176;83.0;78.5882352941;107.588235294;82.6589882353;78.5882352941;83.8235294118;69.2592352941;71.8769176471;78.5882352941;68.2450588235;87.1843647059;107.588235294;98.1764705882;98.1764705882;78.5882352941;84.6303176471;98.1764705882;78.5882352941;72.7647058824;83.3916823529;70.6678117647;83.8235294118;72.7647058824;69.8429647059;72.7647058824;111.0;72.7647058824;79.8235294118;72.7647058824;85.6470588235;72.8310117647;83.8235294118;72.7647058824;107.588235294;83.8235294118;84.2913058824
68.4829647059;72.7647058824;100.176470588;78.5882352941;68.8843176471;100.176470588;72.7647058824;72.7672470588;72.7647058824;83.8235294118;85.0241529412;92.2352941176;84.4309882353;74.0139647059;78.5882352941;73.5211647059;85.0318941176;78.5882352941;84.6191529412;83.6223176471;69.8591058824;83.8235294118;84.2552823529;78.5882352941;72.7579294118;92.2352941176;68.8703058824;72.0836705882;101.647058824;78.5882352941;108.0;84.1084588235;78.5882352941;83.8235294118;69.2592352941;72.1612470588;78.5882352941;68.2433294118;82.7473294118;104.470588235;100.176470588;95.5882352941;78.5882352941;84.0109294118;100.176470588;78.5882352941;72.7647058824;83.1914235294;75.9756352941;83.8235294118;72.7647058824;70.1850941176;72.9720470588;92.2352941176;72.7647058824;88.4705882353;79.5882352941;78.2352941176;69.4008470588;83.8235294118;72.7647058824;104.470588235;80.4705882353;84.1908705882
68.4838941176;80.5294117647;99.7647058824;78.5882352941;68.7886;99.7647058824;85.9411764706;72.7647058824;72.7647058824;83.8235294118;84.7246235294;107.529411765;84.6109647059;78.1015411765;78.5882352941;71.1826470588;82.6107882353;78.5882352941;84.0353764706;84.0554235294;70.0351058824;83.8235294118;84.3294588235;78.5882352941;72.7647058824;107.529411765;68.8661647059;70.0370470588;80.5294117647;78.5882352941;85.9411764706;83.4159411765;78.5882352941;83.8235294118;69.2485058824;71.2350117647;78.5882352941;68.2419411765;81.0987882353;92.6470588235;99.7647058824;98.1764705882;78.5882352941;84.5377176471;99.7647058824;78.5882352941;72.7647058824;82.7072941176;73.3779294118;83.8235294118;72.7647058824;69.4148470588;72.7647058824;107.529411765;72.7647058824;90.5882352941;72.7647058824;81.7647058824;67.9973294118;83.8235294118;72.7647058824;92.6470588235;92.1176470588;83.3082705882
68.4829647059;79.5882352941;78.5882352941;78.5882352941;68.7886;78.5882352941;72.7647058824;72.7647058824;72.7647058824;83.8235294118;83.9713764706;124.882352941;83.2321647059;73.1523764706;78.5882352941;74.5484;84.4808823529;78.5882352941;72.7647058824;70.4075764706;69.8591058824;83.8235294118;72.7647058824;78.5882352941;72.7647058824;124.882352941;68.9498352941;72.5199294118;99.4117647059;78.5882352941;79.7647058824;69.3717764706;78.5882352941;83.8235294118;69.4236235294;73.8412941176;78.5882352941;68.2713176471;81.7159176471;88.9411764706;78.5882352941;124.882352941;78.5882352941;72.7647058824;78.5882352941;78.5882352941;72.7647058824;71.8682588235;77.8182235294;83.8235294118;76.3551058824;70.1329294118;72.8455647059;124.882352941;73.0159647059;85.9411764706;72.7647058824;116.588235294;67.9730823529;83.8235294118;72.9857882353;88.9411764706;80.4705882353;72.7647058824
68.4839764706;79.1176470588;82.8235294118;78.5882352941;68.7886;82.8235294118;72.7647058824;72.7647058824;72.7647058824;83.8235294118;83.0575764706;107.588235294;83.5616;74.3509647059;78.5882352941;74.0687882353;84.1689294118;78.5882352941;72.7647058824;76.7785411765;70.0307764706;83.8235294118;72.7647058824;78.5882352941;72.7574588235;107.588235294;68.8747294118;70.8970941176;93.4705882353;78.5882352941;96.3529411765;74.9617764706;78.5882352941;83.8235294118;69.4236235294;72.7666117647;78.5882352941;68.2739647059;82.3512941176;96.3529411765;82.8235294118;107.588235294;78.5882352941;72.7647058824;82.8235294118;78.5882352941;73.3216;74.4417529412;75.8136705882;83.8235294118;72.7647058824;70.0591882353;73.0955882353;107.588235294;72.7647058824;79.1176470588;79.1176470588;77.1764705882;67.9730823529;83.8235294118;72.7647058824;96.3529411765;80.4705882353;72.8239647059
68.4829647059;78.5882352941;78.5882352941;78.5882352941;68.7886;78.5882352941;79.1176470588;72.7647058824;72.7647058824;83.8235294118;83.0524823529;104.470588235;83.7720117647;74.6529764706;78.5882352941;74.0353294118;83.4665647059;78.5882352941;72.7647058824;71.4894235294;69.8591058824;83.8235294118;72.7647058824;78.5882352941;72.7771294118;104.470588235;68.8770470588;72.6243294118;74.6470588235;78.5882352941;86.1176470588;71.1465176471;78.5882352941;83.8235294118;69.4236235294;72.6698470588;78.5882352941;68.2808705882;80.0080235294;86.8235294118;78.5882352941;104.470588235;78.5882352941;72.7647058824;78.5882352941;78.5882352941;72.7647058824;68.2984705882;71.7794470588;83.8235294118;72.7647058824;72.3083529412;72.7647058824;104.470588235;72.7647058824;72.7647058824;72.7647058824;84.2352941176;67.9730823529;83.8235294118;72.7647058824;86.8235294118;80.4705882353;78.7484352941
83.8796235294;80.0588235294;78.5882352941;96.3529411765;68.7886;78.5882352941;72.7647058824;72.7647058824;72.7647058824;83.8235294118;83.8435529412;105.0;83.5910117647;70.884;78.5882352941;71.1539058824;84.3777882353;78.5882352941;73.6470588235;70.7868352941;69.9983058824;83.8235294118;76.4599529412;78.5882352941;83.4425764706;105.0;83.4667882353;76.5360823529;82.4117647059;78.5882352941;74.6470588235;70.9409294118;96.3529411765;96.3529411765;85.4521176471;72.0334823529;96.3529411765;68.2638;79.5406117647;83.8235294118;78.5882352941;105.0;78.5882352941;73.1427764706;78.5882352941;78.5882352941;72.7583058824;73.4199647059;71.1794588235;96.3529411765;72.7647058824;72.2851176471;73.5262117647;97.7647058824;83.9959411765;72.7647058824;72.7647058824;77.1764705882;67.9730823529;83.8235294118;83.5306823529;83.8235294118;96.3529411765;72.9976470588
84.6429176471;98.1764705882;78.5882352941;98.1764705882;83.2937647059;78.5882352941;72.7647058824;84.2771647059;83.6359764706;96.3529411765;78.3201176471;88.9411764706;77.9926588235;71.3810117647;78.5882352941;72.0970588235;80.9139764706;96.3529411765;72.7647058824;68.4841647059;70.4541176471;96.3529411765;72.7647058824;78.5882352941;85.3590117647;88.9411764706;82.1784588235;75.9095058824;77.9411764706;96.3529411765;74.6470588235;68.2158117647;98.1764705882;101.470588235;84.9105764706;73.0664470588;98.1764705882;83.3630941176;76.1163647059;83.8235294118;78.5882352941;88.9411764706;78.5882352941;72.7647058824;78.5882352941;96.3529411765;73.2911058824;72.9336352941;74.5717294118;101.470588235;72.7647058824;77.1297411765;83.2565764706;86.5882352941;83.9819882353;82.4117647059;72.7647058824;86.8235294118;83.5090941176;96.3529411765;84.7056352941;83.8235294118;98.1176470588;73.5796823529
83.4161058824;72.7647058824;78.5882352941;100.176470588;83.0215176471;78.5882352941;72.7647058824;83.5282470588;84.8181294118;101.470588235;75.7639529412;96.3529411765;75.4275764706;70.6317647059;78.5882352941;71.1763294118;75.2656941176;98.1764705882;73.1687529412;68.3124117647;69.8658823529;101.470588235;72.7647058824;78.5882352941;84.1500235294;96.3529411765;83.0639058824;78.6837647059;104.411764706;98.1764705882;74.6470588235;68.2158117647;100.176470588;92.4117647059;84.5358;72.2094588235;100.176470588;83.5381058824;92.9191647059;83.8235294118;78.5882352941;96.3529411765;78.5882352941;73.9247058824;78.5882352941;98.1764705882;72.7647058824;68.4412470588;77.7227647059;92.4117647059;73.2139294118;85.6016470588;84.4265294118;96.8235294118;84.3518823529;72.7647058824;98.1764705882;86.1176470588;82.5089647059;101.470588235;83.8702;83.8235294118;92.4117647059;73.9757764706
82.1088941176;72.7647058824;78.5882352941;99.7647058824;83.9102823529;78.5882352941;80.0588235294;84.5609058824;84.2643411765;92.4117647059;71.4392117647;86.8235294118;71.4181647059;72.1769647059;78.5882352941;73.7379058824;71.4445176471;100.176470588;72.7647058824;68.3068;69.8658823529;92.4117647059;73.1776;78.5882352941;82.7447176471;86.8235294118;82.9965647059;77.2188352941;87.2352941176;100.176470588;74.6470588235;68.2158117647;99.7647058824;98.1764705882;85.1367294118;71.8579176471;99.7647058824;83.2850823529;83.9436941176;83.8235294118;78.5882352941;86.8235294118;78.5882352941;72.7647058824;78.5882352941;100.176470588;72.7647058824;68.4556235294;71.6633411765;98.1764705882;72.7647058824;84.6690470588;83.7668235294;87.2941176471;83.8858235294;105.823529412;96.6470588235;92.3529411765;83.7197411765;92.4117647059;84.3467764706;83.8235294118;107.529411765;72.7647058824
84.5189411765;72.7647058824;96.3529411765;78.5882352941;84.6723882353;96.3529411765;88.2941176471;83.9498;83.6553411765;98.1764705882;85.5435647059;96.3529411765;84.6893529412;69.7315294118;78.5882352941;74.3861058824;85.4092117647;99.7647058824;84.3420588235;68.3086;70.1048588235;98.1764705882;83.6337294118;78.5882352941;72.7647058824;96.3529411765;82.4226;77.1119294118;86.5882352941;99.7647058824;72.7647058824;68.3364823529;78.5882352941;124.882352941;83.7294;72.9384;78.5882352941;83.7518705882;89.6513529412;83.8235294118;96.3529411765;103.411764706;78.5882352941;84.0944;96.3529411765;99.7647058824;72.7647058824;68.2867882353;70.4070117647;124.882352941;72.7647058824;85.0232352941;84.4298823529;96.3529411765;72.7647058824;109.705882353;107.529411765;101.764705882;82.8578;98.1764705882;72.7647058824;83.8235294118;121.529411765;83.8687294118
82.5551529412;72.7647058824;98.1764705882;82.8235294118;84.3009294118;98.1764705882;82.8235294118;72.7647058824;72.7647058824;124.882352941;85.2688;98.1176470588;85.3024;77.8382117647;78.5882352941;74.0639647059;85.2135764706;78.5882352941;84.2512705882;68.3062823529;69.8846235294;124.882352941;84.1029411765;78.5882352941;72.7647058824;98.1176470588;83.0167294118;72.0916823529;80.4705882353;78.5882352941;72.7647058824;68.2158117647;82.8235294118;107.588235294;84.2480588235;72.8580352941;82.8235294118;83.7021647059;87.2571411765;83.8235294118;98.1764705882;98.1764705882;78.5882352941;84.6303176471;98.1764705882;78.5882352941;72.7647058824;68.2445764706;71.4636;107.588235294;72.7647058824;78.1812941176;72.8019764706;111.0;72.7647058824;121.529411765;78.5882352941;100.411764706;82.2566941176;124.882352941;72.7647058824;83.8235294118;107.588235294;84.2913058824
83.5755058824;79.8235294118;100.176470588;78.5882352941;84.2414;100.176470588;72.7647058824;72.7647058824;72.7647058824;107.588235294;85.0162588235;92.2352941176;84.4309882353;85.8832588235;78.5882352941;74.8419294118;85.0318941176;82.8235294118;84.6191529412;68.3065058824;69.8658823529;107.588235294;84.2552823529;78.5882352941;72.7647058824;92.2352941176;83.2163176471;71.5772705882;91.2352941176;82.8235294118;72.7647058824;68.3208117647;78.5882352941;104.470588235;83.8823294118;74.9595647059;78.5882352941;83.3209882353;82.7722;83.8235294118;100.176470588;95.5882352941;78.5882352941;84.0109294118;100.176470588;82.8235294118;72.7647058824;68.3540470588;72.5955176471;104.470588235;72.7647058824;78.6742470588;72.7647058824;92.2352941176;72.7647058824;117.0;72.7647058824;78.5882352941;82.3778588235;107.588235294;72.7647058824;83.8235294118;104.470588235;84.1908705882
83.9888705882;72.7647058824;99.7647058824;78.5882352941;83.0356;99.7647058824;72.7647058824;72.7647058824;72.7647058824;104.470588235;84.7141294118;107.529411765;84.6109647059;76.6492588235;78.5882352941;73.4440588235;82.6107882353;78.5882352941;84.0353764706;68.3447058824;69.8729411765;104.470588235;84.3294588235;78.5882352941;74.5744;107.529411765;82.2032823529;70.4687176471;93.5882352941;78.5882352941;72.7647058824;68.2420705882;78.5882352941;92.6470588235;84.5158235294;73.5996941176;78.5882352941;84.1467176471;81.3042705882;83.8235294118;99.7647058824;98.1764705882;78.5882352941;84.5377176471;99.7647058824;78.5882352941;72.76;68.2544117647;70.3965294118;92.6470588235;72.7647058824;74.3817176471;72.7647058824;107.529411765;73.4635294118;126.705882353;79.8235294118;95.0588235294;83.4543529412;104.470588235;73.0776470588;83.8235294118;106.411764706;83.3082705882
75.6487294118;72.7647058824;78.5882352941;78.5882352941;82.6896941176;78.5882352941;72.7647058824;72.7771294118;72.9654588235;92.6470588235;83.9461411765;124.882352941;83.2321647059;70.9579176471;78.5882352941;71.5534235294;84.4808823529;78.5882352941;72.7647058824;68.3068;70.6700235294;92.6470588235;72.7647058824;78.5882352941;72.7647058824;124.882352941;70.8227529412;69.6966823529;72.7647058824;78.5882352941;72.7647058824;68.2779529412;78.5882352941;88.9411764706;70.2858588235;72.8362352941;78.5882352941;83.5043764706;81.8123764706;83.8235294118;78.5882352941;124.882352941;78.5882352941;72.7647058824;78.5882352941;78.5882352941;72.7647058824;68.2089058824;69.9435529412;88.9411764706;72.7647058824;72.1589176471;76.2517647059;124.882352941;72.7647058824;89.1176470588;72.7647058824;96.9411764706;83.1317411765;92.6470588235;72.7647058824;83.8235294118;88.9411764706;72.7647058824
73.8568470588;72.7647058824;82.8235294118;78.5882352941;69.7975882353;82.8235294118;72.7647058824;72.8821647059;72.7647058824;88.9411764706;83.0573058824;107.588235294;83.5616;71.1531647059;78.5882352941;73.1566352941;84.1689294118;78.5882352941;72.7647058824;68.3098;69.9794941176;88.9411764706;72.7647058824;78.5882352941;72.7647058824;107.588235294;76.4664235294;72.4946;72.7647058824;78.5882352941;72.7647058824;68.2263294118;78.5882352941;96.3529411765;71.4577647059;74.8415529412;78.5882352941;70.9061058824;82.2657882353;83.8235294118;82.8235294118;107.588235294;78.5882352941;72.7647058824;82.8235294118;78.5882352941;72.7647058824;68.2452823529;73.7634117647;96.3529411765;72.7647058824;69.2167176471;72.7647058824;107.588235294;72.9411764706;77.8823529412;80.1764705882;72.7647058824;68.8651294118;88.9411764706;72.7647058824;83.8235294118;96.3529411765;72.8239647059
68.5994588235;72.7647058824;78.5882352941;78.5882352941;74.6144823529;78.5882352941;72.7647058824;72.7856;73.2326588235;96.3529411765;82.8586823529;104.470588235;83.7720117647;70.0405529412;78.5882352941;74.4337176471;83.4665647059;78.5882352941;72.7647058824;68.3061294118;69.8658823529;96.3529411765;72.7647058824;78.5882352941;72.7717647059;104.470588235;71.3682352941;71.3452117647;72.7647058824;78.5882352941;79.8235294118;68.2257176471;78.5882352941;86.8235294118;69.5620588235;74.6809764706;78.5882352941;75.4385882353;79.9488235294;83.8235294118;78.5882352941;104.470588235;78.5882352941;72.7647058824;78.5882352941;78.5882352941;72.7647058824;68.3218941176;71.3441411765;86.8235294118;72.7647058824;92.5643176471;72.7647058824;104.470588235;72.7647058824;95.8823529412;72.7647058824;80.0588235294;75.9502117647;96.3529411765;74.24;83.8235294118;86.8235294118;78.7484352941
72.5482941176;72.7647058824;78.5882352941;78.5882352941;71.3079294118;78.5882352941;72.7647058824;73.8661647059;72.7647058824;86.8235294118;83.8473764706;105.0;83.5910117647;70.7479176471;78.5882352941;75.1659882353;84.3777882353;78.5882352941;73.6470588235;68.3062823529;70.1485176471;86.8235294118;76.4599529412;78.5882352941;72.7771294118;105.0;71.7656235294;71.2254941176;82.4117647059;78.5882352941;72.7647058824;68.2170352941;78.5882352941;83.8235294118;78.5776705882;74.7455294118;78.5882352941;71.9194470588;79.498;83.8235294118;78.5882352941;105.0;78.5882352941;73.1427764706;78.5882352941;78.5882352941;72.8166588235;68.3098823529;70.6074117647;83.8235294118;72.7647058824;84.2423294118;72.7647058824;97.7647058824;72.7647058824;72.7647058824;72.7647058824;90.7647058824;71.3144941176;86.8235294118;72.7647058824;83.8235294118;80.4705882353;72.9976470588
72.3786;72.7647058824;78.5882352941;78.5882352941;76.1569647059;78.5882352941;72.7647058824;72.7647058824;72.7904;83.8235294118;78.4150823529;88.9411764706;78.1201294118;76.5965294118;78.5882352941;78.0825411765;80.9139764706;78.5882352941;72.7647058824;68.3062823529;70.9620823529;83.8235294118;72.7647058824;78.5882352941;73.3851294118;88.9411764706;68.9339882353;71.7013882353;72.7647058824;78.5882352941;72.7647058824;68.2262235294;78.5882352941;83.8235294118;69.7047764706;73.4142;78.5882352941;72.1738117647;76.1368823529;83.8235294118;78.5882352941;88.9411764706;78.5882352941;72.7647058824;78.5882352941;78.5882352941;72.7647058824;68.1644588235;70.2186823529;83.8235294118;72.7647058824;72.9472470588;73.1094588235;86.5882352941;74.5011764706;72.7647058824;72.7647058824;72.7647058824;69.0662235294;83.8235294118;72.7647058824;83.8235294118;80.4705882353;73.5796823529
69.1856470588;72.7647058824;78.5882352941;78.5882352941;72.6016470588;78.5882352941;79.5882352941;72.7647058824;72.8635294118;83.8235294118;75.7639529412;96.3529411765;75.4275764706;71.0258352941;78.5882352941;72.9904470588;75.2656941176;78.5882352941;73.1687529412;68.3068;69.8658823529;83.8235294118;72.7647058824;78.5882352941;72.7647058824;96.3529411765;68.8907411765;70.0157411765;79.1176470588;78.5882352941;72.7647058824;68.2193882353;78.5882352941;83.8235294118;78.8375058824;75.0847764706;78.5882352941;68.2415294118;92.8938470588;83.8235294118;78.5882352941;96.3529411765;78.5882352941;73.9247058824;78.5882352941;78.5882352941;72.7647058824;68.2375882353;70.7159882353;83.8235294118;72.7647058824;71.2547764706;72.7647058824;96.8235294118;72.7647058824;72.7647058824;79.5882352941;79.1176470588;71.9736470588;83.8235294118;72.7647058824;83.8235294118;80.4705882353;73.9757764706
68.8325176471;90.4117647059;78.5882352941;78.5882352941;70.9269529412;78.5882352941;72.7647058824;72.9296;72.7647058824;83.8235294118;71.4392117647;86.8235294118;71.4181647059;72.7155882353;78.5882352941;74.2862117647;71.4445176471;78.5882352941;72.7647058824;68.3060352941;69.8658823529;83.8235294118;73.1776;78.5882352941;72.7647058824;86.8235294118;69.0289176471;70.0420823529;95.0588235294;78.5882352941;72.7647058824;68.2160117647;78.5882352941;83.8235294118;74.7232588235;76.5463294118;78.5882352941;68.2450588235;84.2040588235;83.8235294118;78.5882352941;86.8235294118;78.5882352941;72.7647058824;78.5882352941;78.5882352941;72.7647058824;68.2526117647;73.8952235294;83.8235294118;72.7883882353;72.3167882353;72.7647058824;87.2941176471;72.7647058824;72.7647058824;72.7647058824;82.4117647059;72.0638235294;83.8235294118;73.2517647059;83.8235294118;80.4705882353;72.7647058824
68.4893411765;109.235294118;96.3529411765;78.5882352941;69.6833647059;96.3529411765;86.5294117647;72.7647058824;73.1955764706;83.8235294118;85.5339176471;96.3529411765;84.6294352941;74.6794;78.5882352941;72.0940705882;85.4092117647;78.5882352941;84.3420588235;68.3228823529;69.8591058824;83.8235294118;83.6337294118;78.5882352941;72.7647058824;96.3529411765;68.8494705882;69.9317176471;110.764705882;78.5882352941;72.7647058824;68.2166235294;78.5882352941;83.8235294118;69.7362;73.6261411765;78.5882352941;68.2450588235;89.6533647059;83.8235294118;96.3529411765;103.411764706;78.5882352941;84.0944;96.3529411765;78.5882352941;72.7647058824;68.1046823529;83.8223294118;83.8235294118;72.9742117647;71.2326941176;72.7647058824;96.3529411765;72.7647058824;79.5882352941;72.7647058824;72.7647058824;72.9313411765;83.8235294118;72.7647058824;83.8235294118;80.4705882353;83.8687294118
68.4595294118;77.8823529412;98.1764705882;78.5882352941;68.8843176471;98.1764705882;102.411764706;72.7672470588;72.7647058824;83.8235294118;85.2527529412;98.1176470588;85.3024;72.6847882353;78.5882352941;73.4434352941;85.2135764706;78.5882352941;84.2512705882;68.3061294118;69.9596235294;83.8235294118;84.1029411765;78.5882352941;72.7647058824;98.1176470588;69.2105411765;71.5289882353;83.0;78.5882352941;79.4705882353;68.2348352941;78.5882352941;83.8235294118;69.4842;72.6802823529;78.5882352941;68.2433294118;87.2202941176;83.8235294118;98.1764705882;98.1764705882;78.5882352941;84.6303176471;98.1764705882;78.5882352941;72.7647058824;68.2521294118;75.5894352941;83.8235294118;72.7647058824;71.2297294118;72.9720470588;111.0;72.7647058824;83.1176470588;72.7647058824;72.7647058824;69.4008470588;83.8235294118;72.7647058824;83.8235294118;80.4705882353;84.2913058824
68.4806235294;86.3529411765;100.176470588;78.5882352941;68.7886;100.176470588;87.2352941176;72.7647058824;72.7647058824;83.8235294118;84.9877294118;92.2352941176;84.4309882353;75.7890705882;78.5882352941;72.6491882353;85.0318941176;78.5882352941;84.6191529412;68.3079294118;70.3297882353;83.8235294118;84.2552823529;78.5882352941;72.8141176471;92.2352941176;68.8856;70.2319411765;111.882352941;78.5882352941;72.7647058824;68.2158117647;78.5882352941;83.8235294118;69.4842;71.1556352941;78.5882352941;68.2419411765;82.8224235294;83.8235294118;100.176470588;95.5882352941;78.5882352941;84.0109294118;100.176470588;78.5882352941;73.4379294118;68.0884705882;73.5810470588;83.8235294118;72.7647058824;70.9020823529;72.7647058824;92.2352941176;72.7647058824;94.1176470588;72.7647058824;97.4705882353;67.9973294118;83.8235294118;72.7647058824;83.8235294118;80.4705882353;84.1908705882
68.6317882353;86.4117647059;99.7647058824;78.5882352941;68.7886;99.7647058824;77.8823529412;72.7647058824;72.7647058824;83.8235294118;84.7040117647;107.529411765;84.6109647059;69.6224470588;78.5882352941;74.5668823529;82.6107882353;78.5882352941;84.0353764706;68.3079294118;69.8658823529;83.8235294118;84.3294588235;78.5882352941;73.3954470588;107.529411765;68.9498941176;73.3781058824;85.2941176471;78.5882352941;72.7647058824;68.2158117647;78.5882352941;83.8235294118;69.4842;71.4475294118;78.5882352941;68.2713176471;81.6870117647;83.8235294118;99.7647058824;98.1764705882;78.5882352941;84.5377176471;99.7647058824;78.5882352941;72.7647058824;68.1323058824;80.5041764706;83.8235294118;72.7647058824;70.2553529412;72.8455647059;107.529411765;72.7647058824;72.7647058824;79.1176470588;122.941176471;67.9730823529;83.8235294118;72.7647058824;83.8235294118;80.4705882353;83.3082705882
68.4806235294;72.7647058824;78.5882352941;78.5882352941;68.7886;78.5882352941;82.8235294118;72.7647058824;72.7647058824;83.8235294118;83.9337647059;124.882352941;83.2321647059;73.6999882353;78.5882352941;75.0618470588;84.4808823529;78.5882352941;72.7647058824;68.3060470588;69.9113411765;83.8235294118;72.7647058824;78.5882352941;72.8109764706;124.882352941;68.8761529412;72.6109882353;77.1764705882;78.5882352941;72.7647058824;68.2262235294;78.5882352941;83.8235294118;69.4842;70.4018;78.5882352941;68.2739647059;81.9794470588;83.8235294118;78.5882352941;124.882352941;78.5882352941;72.7647058824;78.5882352941;78.5882352941;72.7647058824;68.5990705882;70.7797176471;83.8235294118;72.7647058824;69.7847411765;73.0955882353;124.882352941;72.7647058824;72.7647058824;72.7647058824;77.8823529412;67.9730823529;83.8235294118;72.7647058824;83.8235294118;80.4705882353;72.7647058824
68.4879764706;72.7647058824;82.8235294118;78.5882352941;68.7886;82.8235294118;80.0588235294;72.7647058824;72.7647058824;83.8235294118;83.0509882353;107.588235294;83.5616;70.8305882353;78.5882352941;72.1145529412;84.1689294118;78.5882352941;72.7647058824;68.3114;69.8658823529;83.8235294118;72.7647058824;78.5882352941;72.8613764706;107.588235294;68.8830705882;80.3574117647;84.7058823529;78.5882352941;72.7647058824;68.2201529412;78.5882352941;83.8235294118;69.4842;70.9153882353;78.5882352941;68.2808705882;82.1330705882;83.8235294118;82.8235294118;107.588235294;78.5882352941;72.7647058824;82.8235294118;78.5882352941;72.9155882353;68.6468941176;71.8895647059;83.8235294118;72.7647058824;69.6350470588;72.7647058824;107.588235294;72.7647058824;72.7647058824;72.7647058824;83.0;67.9730823529;83.8235294118;72.7647058824;83.8235294118;80.4705882353;72.8239647059
68.5265411765;72.7647058824;78.5882352941;78.5882352941;68.7886;78.5882352941;72.7647058824;72.7647058824;72.7647058824;83.8235294118;82.8523882353;104.470588235;83.7720117647;71.0550470588;78.5882352941;71.0665764706;83.4665647059;78.5882352941;72.7647058824;68.3074470588;70.0087529412;83.8235294118;72.7647058824;78.5882352941;72.9058470588;104.470588235;68.8866352941;76.2049294118;92.2352941176;78.5882352941;72.7647058824;68.2166235294;78.5882352941;83.8235294118;69.4842;70.5683647059;78.5882352941;68.2638;80.0555882353;83.8235294118;78.5882352941;104.470588235;78.5882352941;72.7647058824;78.5882352941;78.5882352941;72.7647058824;68.2512588235;73.4896117647;83.8235294118;72.8273882353;69.8121529412;73.5262117647;104.470588235;72.7647058824;72.7647058824;72.7647058824;91.6470588235;67.9730823529;83.8235294118;72.7647058824;83.8235294118;80.4705882353;78.7484352941
68.6478;72.7647058824;78.5882352941;78.5882352941;83.2937647059;78.5882352941;72.7647058824;84.2771647059;83.6359764706;96.3529411765;83.8473764706;105.0;83.5910117647;70.4624;78.5882352941;71.4519058824;84.3777882353;96.3529411765;73.6470588235;68.3061294118;69.8658823529;96.3529411765;76.4599529412;78.5882352941;73.4733764706;105.0;68.8541647059;81.9636352941;87.5294117647;96.3529411765;72.7647058824;68.2158117647;78.5882352941;83.8235294118;69.4842;70.2396705882;78.5882352941;83.3518;79.3965411765;83.8235294118;78.5882352941;105.0;78.5882352941;73.1427764706;78.5882352941;96.3529411765;72.7647058824;68.3681764706;71.9210352941;83.8235294118;72.7647058824;75.9530352941;83.2565764706;97.7647058824;72.9519058824;82.4117647059;72.7647058824;84.8823529412;83.5090941176;96.3529411765;72.7647058824;83.8235294118;80.4705882353;72.9976470588
68.6304470588;72.7647058824;78.5882352941;78.5882352941;83.0215176471;78.5882352941;72.7647058824;83.5282470588;84.8181294118;101.470588235;78.4056235294;88.9411764706;78.1324235294;73.9053176471;78.5882352941;73.2156235294;80.9139764706;98.1764705882;72.7647058824;68.3399294118;69.8658823529;101.470588235;72.7647058824;78.5882352941;72.9799647059;88.9411764706;69.1774588235;77.8196470588;85.6470588235;98.1764705882;72.7647058824;68.2175176471;78.5882352941;83.8235294118;69.4842;72.3383294118;78.5882352941;83.5381058824;76.1969764706;83.8235294118;78.5882352941;88.9411764706;78.5882352941;72.7647058824;78.5882352941;98.1764705882;72.7963294118;68.3944352941;71.0006117647;83.8235294118;72.7647058824;87.8817647059;84.4265294118;86.5882352941;72.7647058824;79.8235294118;98.1764705882;90.1764705882;82.5089647059;101.470588235;72.7647058824;83.8235294118;80.4705882353;73.5796823529
68.6164588235;79.8235294118;78.5882352941;78.5882352941;83.9102823529;78.5882352941;72.7647058824;84.5609058824;84.2643411765;92.4117647059;75.7639529412;96.3529411765;75.4275764706;74.6374941176;78.5882352941;74.7565294118;75.2656941176;100.176470588;73.1687529412;68.3157529412;70.3274352941;92.4117647059;72.7647058824;78.5882352941;72.7963294118;96.3529411765;68.8663176471;76.4339529412;109.529411765;100.176470588;93.2352941176;68.2158117647;78.5882352941;83.8235294118;69.4842;71.2314941176;78.5882352941;83.2850823529;92.7792941176;83.8235294118;78.5882352941;96.3529411765;78.5882352941;73.9247058824;78.5882352941;100.176470588;73.0679176471;68.1216705882;69.7871058824;83.8235294118;72.7647058824;86.0073647059;83.7668235294;96.8235294118;72.8573176471;105.823529412;96.6470588235;95.2941176471;83.7197411765;92.4117647059;72.7647058824;83.8235294118;80.4705882353;73.9757764706
68.4829647059;80.5294117647;78.5882352941;78.5882352941;84.6723882353;78.5882352941;80.5294117647;83.9498;83.6553411765;98.1764705882;71.4392117647;86.8235294118;71.4181647059;71.335;78.5882352941;72.9409764706;71.4445176471;99.7647058824;72.7647058824;68.3082235294;70.4720941176;98.1764705882;73.1776;78.5882352941;72.7647058824;86.8235294118;68.8570941176;70.1805411765;94.6470588235;99.7647058824;72.7647058824;68.2158117647;78.5882352941;83.8235294118;69.4842;73.0170941176;78.5882352941;83.7518705882;84.1657529412;83.8235294118;78.5882352941;86.8235294118;78.5882352941;72.7647058824;78.5882352941;99.7647058824;72.7647058824;68.0343529412;69.6311647059;83.8235294118;72.7647058824;90.3978470588;84.4298823529;87.2941176471;72.7647058824;109.705882353;107.529411765;78.8235294118;82.8578;98.1764705882;72.7647058824;83.8235294118;80.4705882353;72.7647058824
68.4540588235;79.1176470588;96.3529411765;78.5882352941;84.3009294118;96.3529411765;72.7647058824;72.7647058824;72.7647058824;124.882352941;85.5243647059;96.3529411765;84.6246941176;82.0331882353;78.5882352941;72.1560352941;85.4092117647;78.5882352941;84.3420588235;68.3061294118;69.8658823529;124.882352941;83.6337294118;78.5882352941;72.7647058824;96.3529411765;68.8287529412;71.6709294118;72.7647058824;78.5882352941;72.7647058824;68.2158117647;78.5882352941;83.8235294118;69.4249294118;72.9394117647;78.5882352941;83.6944470588;89.9309294118;83.8235294118;96.3529411765;103.411764706;78.5882352941;84.0944;96.3529411765;78.5882352941;72.7647058824;68.0702;75.7162705882;83.8235294118;72.7647058824;77.9312235294;72.8019764706;96.3529411765;72.7647058824;121.529411765;94.4705882353;93.2352941176;82.2566941176;124.882352941;72.7647058824;83.8235294118;80.4705882353;83.8687294118
68.4451294118;72.7647058824;98.1764705882;78.5882352941;84.2414;98.1764705882;72.7647058824;72.7647058824;72.7647058824;107.588235294;85.2688;98.1176470588;85.3024;75.0665882353;78.5882352941;72.7515294118;85.2135764706;82.8235294118;84.2512705882;68.3086;72.7647058824;107.588235294;84.1029411765;78.5882352941;72.7647058824;98.1176470588;68.8245176471;69.794;72.7647058824;82.8235294118;72.7647058824;68.2158117647;78.5882352941;83.8235294118;69.4959764706;75.1064588235;78.5882352941;83.3209882353;87.2413294118;83.8235294118;98.1764705882;98.1764705882;78.5882352941;84.6303176471;98.1764705882;82.8235294118;72.9155882353;68.0101529412;70.9684;83.8235294118;72.7647058824;80.7166352941;72.7647058824;111.0;72.7647058824;117.0;72.7647058824;84.7058823529;82.3778588235;107.588235294;72.7647058824;83.8235294118;92.1176470588;84.2913058824
68.4450235294;72.7647058824;100.176470588;78.5882352941;83.0356;100.176470588;72.7647058824;72.7647058824;72.7647058824;104.470588235;85.0163411765;92.2352941176;84.4309882353;71.7751647059;78.5882352941;72.9758941176;85.0318941176;78.5882352941;84.6191529412;68.3062823529;70.4404352941;104.470588235;84.2552823529;78.5882352941;72.7771294118;92.2352941176;68.9095058824;71.0234352941;72.7647058824;78.5882352941;72.7647058824;68.2158117647;78.5882352941;83.8235294118;69.4959764706;73.3894117647;78.5882352941;84.1323176471;82.6776588235;83.8235294118;100.176470588;95.5882352941;78.5882352941;84.0109294118;100.176470588;78.5882352941;72.7647058824;68.2582352941;71.1517058824;83.8235294118;72.7647058824;74.1219176471;72.7647058824;92.2352941176;73.0159647059;126.705882353;72.7647058824;94.3529411765;83.4543529412;104.470588235;72.9857882353;83.8235294118;80.4705882353;84.1908705882
68.4468588235;72.7647058824;99.7647058824;78.5882352941;82.6896941176;99.7647058824;72.7647058824;72.7771294118;72.9654588235;92.6470588235;84.6990941176;107.529411765;84.6109647059;70.6070705882;78.5882352941;72.2796941176;82.6107882353;78.5882352941;84.0353764706;68.3127764706;70.0790235294;92.6470588235;84.3294588235;78.5882352941;72.7647058824;107.529411765;68.8332705882;70.4862823529;72.7647058824;78.5882352941;72.7647058824;68.2158117647;78.5882352941;83.8235294118;69.4990352941;73.3395058824;78.5882352941;83.4895058824;81.4736941176;83.8235294118;99.7647058824;98.1764705882;78.5882352941;84.5377176471;99.7647058824;78.5882352941;72.7587764706;73.0109764706;70.3216705882;83.8235294118;72.7647058824;71.0640235294;76.2517647059;107.529411765;72.7647058824;88.5882352941;72.7647058824;102.470588235;83.1317411765;92.6470588235;72.7647058824;83.8235294118;80.4705882353;83.3082705882
68.5177294118;72.7647058824;78.5882352941;78.5882352941;69.7975882353;78.5882352941;79.5882352941;72.8821647059;72.7647058824;88.9411764706;83.9218588235;124.882352941;83.2321647059;71.0174705882;78.5882352941;72.3211294118;84.4808823529;78.5882352941;72.7647058824;68.3640235294;69.8921411765;88.9411764706;72.7647058824;78.5882352941;72.7647058824;124.882352941;68.8356352941;70.1902588235;99.9411764706;78.5882352941;72.7647058824;68.2717176471;78.5882352941;83.8235294118;69.4990352941;75.3812117647;78.5882352941;70.9075647059;82.0041411765;83.8235294118;78.5882352941;124.882352941;78.5882352941;72.7647058824;78.5882352941;78.5882352941;73.0611764706;68.5080588235;70.4532705882;83.8235294118;72.7647058824;69.3126352941;72.7647058824;124.882352941;72.7647058824;80.5294117647;72.7647058824;110.0;68.8651294118;88.9411764706;72.7647058824;83.8235294118;80.4705882353;72.7647058824
83.9385411765;72.7647058824;82.8235294118;96.3529411765;74.6144823529;82.8235294118;80.1764705882;72.7856;73.2326588235;96.3529411765;83.0509882353;107.588235294;83.5616;81.0926705882;78.5882352941;73.9824;84.1689294118;78.5882352941;72.7647058824;68.3620352941;69.8658823529;96.3529411765;72.7647058824;78.5882352941;83.4425764706;107.588235294;83.5167882353;70.3485411765;72.7647058824;78.5882352941;72.7647058824;68.2447176471;96.3529411765;96.3529411765;85.0757411765;76.1508941176;96.3529411765;75.4385882353;82.1003411765;83.8235294118;82.8235294118;107.588235294;78.5882352941;72.7647058824;82.8235294118;78.5882352941;72.7647058824;68.2041882353;75.2400470588;96.3529411765;72.7647058824;92.8371294118;72.7647058824;107.588235294;83.9959411765;91.6470588235;79.5882352941;94.6470588235;75.9502117647;96.3529411765;83.5306823529;83.8235294118;96.3529411765;72.8239647059
84.7899176471;72.7647058824;78.5882352941;98.1764705882;71.3079294118;78.5882352941;79.8235294118;73.8661647059;72.7647058824;86.8235294118;82.8523882353;104.470588235;83.7720117647;78.1605294118;78.5882352941;72.4387764706;83.4665647059;78.5882352941;72.7647058824;68.3080823529;70.9820235294;86.8235294118;72.7647058824;78.5882352941;85.3590117647;104.470588235;82.1784588235;70.1498352941;87.2352941176;78.5882352941;72.7647058824;68.2369882353;98.1764705882;101.470588235;84.7489764706;76.8057176471;98.1764705882;71.9194470588;80.0259882353;83.8235294118;78.5882352941;104.470588235;78.5882352941;72.7647058824;78.5882352941;78.5882352941;72.7647058824;68.2922;73.5585647059;101.470588235;72.7647058824;85.5831411765;72.7647058824;104.470588235;83.9819882353;72.7647058824;72.7647058824;77.8823529412;71.3144941176;86.8235294118;84.7056352941;83.8235294118;98.1176470588;78.7484352941
83.5077882353;77.8823529412;78.5882352941;100.176470588;76.1569647059;78.5882352941;77.1764705882;72.7647058824;72.7904;83.8235294118;83.8473764706;105.0;83.5910117647;75.5214117647;78.5882352941;76.427;84.3777882353;78.5882352941;73.6470588235;68.5069411765;70.3100235294;83.8235294118;76.4599529412;78.5882352941;84.1500235294;105.0;83.0639058824;74.8855529412;89.8235294118;78.5882352941;72.7647058824;68.2464117647;100.176470588;92.4117647059;84.3695882353;75.9693411765;100.176470588;72.1738117647;79.3209411765;83.8235294118;78.5882352941;105.0;78.5882352941;73.1427764706;78.5882352941;78.5882352941;72.8235294118;68.1564117647;77.4139058824;92.4117647059;72.7647058824;72.3158705882;73.1094588235;97.7647058824;84.3518823529;79.5882352941;72.7647058824;96.0;69.0597294118;83.8235294118;83.8702;83.8235294118;92.4117647059;72.9976470588
82.1144941176;72.7647058824;78.5882352941;99.7647058824;72.6016470588;78.5882352941;79.1176470588;72.7647058824;72.8635294118;83.8235294118;78.5335647059;88.9411764706;78.1324235294;73.4797764706;78.5882352941;76.6383764706;80.9139764706;78.5882352941;72.7647058824;68.3060352941;69.8658823529;83.8235294118;72.7647058824;78.5882352941;82.7447176471;88.9411764706;83.0223529412;72.4070235294;78.5882352941;78.5882352941;72.7647058824;68.2166235294;99.7647058824;98.1764705882;84.9898235294;74.6090941176;99.7647058824;68.2415294118;76.1259764706;83.8235294118;78.5882352941;88.9411764706;78.5882352941;72.7647058824;78.5882352941;78.5882352941;72.7647058824;68.2961882353;78.8959411765;98.1764705882;72.7647058824;70.9931882353;72.7647058824;86.5882352941;83.8858235294;85.4705882353;72.7647058824;77.8823529412;71.9736470588;83.8235294118;84.3467764706;83.8235294118;107.529411765;73.5796823529
84.5836470588;79.5882352941;78.5882352941;78.5882352941;70.9269529412;78.5882352941;72.7647058824;72.9296;72.7647058824;83.8235294118;75.7639529412;96.3529411765;75.4275764706;69.6083882353;78.5882352941;73.4357176471;75.2656941176;78.5882352941;73.1687529412;68.3060941176;70.8141176471;83.8235294118;72.7647058824;78.5882352941;72.7647058824;96.3529411765;82.4226;69.5819529412;93.4705882353;78.5882352941;72.7647058824;68.2342352941;78.5882352941;124.882352941;83.7053764706;72.0250470588;78.5882352941;68.2450588235;92.8868823529;83.8235294118;78.5882352941;96.3529411765;78.5882352941;73.9247058824;78.5882352941;78.5882352941;72.7647058824;68.3360235294;72.9189411765;124.882352941;72.7647058824;69.679;72.7647058824;96.8235294118;72.7647058824;72.7647058824;72.7647058824;79.2941176471;72.0558235294;83.8235294118;72.7647058824;83.8235294118;121.529411765;73.9757764706
82.5103647059;90.5882352941;78.5882352941;82.8235294118;69.6833647059;78.5882352941;72.7647058824;72.7647058824;73.1955764706;83.8235294118;71.4392117647;86.8235294118;71.4181647059;69.8634470588;78.5882352941;73.3198;71.4445176471;78.5882352941;72.7647058824;68.3606;69.8658823529;83.8235294118;73.1776;78.5882352941;72.7647058824;86.8235294118;83.0167294118;70.0010470588;84.8823529412;78.5882352941;72.7647058824;68.2158117647;82.8235294118;107.588235294;84.1943058824;74.8038588235;82.8235294118;68.2450588235;84.5668;83.8235294118;78.5882352941;86.8235294118;78.5882352941;72.7647058824;78.5882352941;78.5882352941;72.7647058824;68.5447647059;78.2193647059;107.588235294;72.7647058824;70.2465529412;72.7647058824;87.2941176471;72.7647058824;72.7647058824;72.7647058824;81.8823529412;72.9313411765;83.8235294118;72.7647058824;83.8235294118;107.588235294;72.7647058824
83.6133058824;80.0588235294;96.3529411765;78.5882352941;68.8843176471;96.3529411765;78.5882352941;72.7672470588;72.7647058824;83.8235294118;85.5435647059;96.3529411765;84.6246941176;69.9100823529;78.5882352941;78.0055764706;85.4092117647;78.5882352941;84.3420588235;68.3653058824;69.9932235294;83.8235294118;83.6337294118;78.5882352941;72.7647058824;96.3529411765;83.2163176471;71.7087411765;98.3529411765;78.5882352941;72.7647058824;68.2162823529;78.5882352941;104.470588235;83.9049882353;71.6064352941;78.5882352941;68.2433294118;90.0374588235;83.8235294118;96.3529411765;103.411764706;82.8235294118;84.0944;96.3529411765;78.5882352941;72.7647058824;70.0498235294;72.0209294118;104.470588235;72.7647058824;72.2475882353;72.9720470588;96.3529411765;72.7647058824;72.7647058824;72.7647058824;75.5294117647;69.4008470588;83.8235294118;72.7647058824;83.8235294118;104.470588235;83.8687294118
